# path	namespace	classification	owner	disposition	closing_gate
JasperReportsWebApp/build.xml	javax.servlet	jakarta-web	JasperReportsWebApp	migrate	5f
JasperReportsWebApp/src/org/compiere/web/GetMD5FileServlet.java	javax.servlet	jakarta-web	JasperReportsWebApp	migrate	5f
base/build.xml	javax.servlet	jakarta-web	base	migrate	5f
base/src/org/compiere/model/MAd.java	javax.servlet	jakarta-web	base	migrate	5f
base/src/org/compiere/util/FileUpload.java	javax.servlet	jakarta-web	base	migrate	5f
base/src/org/compiere/util/WebEnv.java	javax.servlet	jakarta-web	base	migrate	5f
base/src/org/compiere/util/WebLogin.java	javax.servlet	jakarta-web	base	migrate	5f
base/src/org/compiere/util/WebSessionCtx.java	javax.servlet	jakarta-web	base	migrate	5f
base/src/org/compiere/util/WebUser.java	javax.servlet	jakarta-web	base	migrate	5f
base/src/org/compiere/util/WebUtil.java	javax.servlet	jakarta-web	base	migrate	5f
base/xdoclet-build.xml	javax.servlet	jakarta-web	base	migrate	5f
gradle/verification-metadata.xml	javax.servlet	jakarta-web	gradle	migrate	5f
org.adempiere.asset/src/main/java/base/org/compiere/asset/model/MAssetDelivery.java	javax.servlet	jakarta-web	org.adempiere.asset	migrate	5f
org.adempiere.asset/src/main/java/base/org/compiere/asset/model/MRegistration.java	javax.servlet	jakarta-web	org.adempiere.asset	migrate	5f
org.adempiere.pos/.idea/libraries/SBT__javax_servlet_servlet_api_2_4_jar.xml	javax.servlet	jakarta-web	org.adempiere.pos	migrate	5f
org.adempiere.webservice/src/router/java/org/adempiere/webservice/router/SoapCompatibilityRouter.java	javax.servlet	jakarta-web	org.adempiere.webservice	migrate	5f
org.compiere.mobile/WEB-INF/src/org/compiere/mobile/LoginDynUpdate.java	javax.servlet	jakarta-web	org.compiere.mobile	migrate	5f
org.compiere.mobile/WEB-INF/src/org/compiere/mobile/MobileEnv.java	javax.servlet	jakarta-web	org.compiere.mobile	migrate	5f
org.compiere.mobile/WEB-INF/src/org/compiere/mobile/MobileSessionCtx.java	javax.servlet	jakarta-web	org.compiere.mobile	migrate	5f
org.compiere.mobile/WEB-INF/src/org/compiere/mobile/MobileUtil.java	javax.servlet	jakarta-web	org.compiere.mobile	migrate	5f
org.compiere.mobile/WEB-INF/src/org/compiere/mobile/WError.java	javax.servlet	jakarta-web	org.compiere.mobile	migrate	5f
org.compiere.mobile/WEB-INF/src/org/compiere/mobile/WFieldUpdate.java	javax.servlet	jakarta-web	org.compiere.mobile	migrate	5f
org.compiere.mobile/WEB-INF/src/org/compiere/mobile/WFilter.java	javax.servlet	jakarta-web	org.compiere.mobile	migrate	5f
org.compiere.mobile/WEB-INF/src/org/compiere/mobile/WFindAdv.java	javax.servlet	jakarta-web	org.compiere.mobile	migrate	5f
org.compiere.mobile/WEB-INF/src/org/compiere/mobile/WForm.java	javax.servlet	jakarta-web	org.compiere.mobile	migrate	5f
org.compiere.mobile/WEB-INF/src/org/compiere/mobile/WHelp.java	javax.servlet	jakarta-web	org.compiere.mobile	migrate	5f
org.compiere.mobile/WEB-INF/src/org/compiere/mobile/WLocation.java	javax.servlet	jakarta-web	org.compiere.mobile	migrate	5f
org.compiere.mobile/WEB-INF/src/org/compiere/mobile/WLogin.java	javax.servlet	jakarta-web	org.compiere.mobile	migrate	5f
org.compiere.mobile/WEB-INF/src/org/compiere/mobile/WLookup.java	javax.servlet	jakarta-web	org.compiere.mobile	migrate	5f
org.compiere.mobile/WEB-INF/src/org/compiere/mobile/WMenu.java	javax.servlet	jakarta-web	org.compiere.mobile	migrate	5f
org.compiere.mobile/WEB-INF/src/org/compiere/mobile/WProcess.java	javax.servlet	jakarta-web	org.compiere.mobile	migrate	5f
org.compiere.mobile/WEB-INF/src/org/compiere/mobile/WProcessCtl.java	javax.servlet	jakarta-web	org.compiere.mobile	migrate	5f
org.compiere.mobile/WEB-INF/src/org/compiere/mobile/WReport.java	javax.servlet	jakarta-web	org.compiere.mobile	migrate	5f
org.compiere.mobile/WEB-INF/src/org/compiere/mobile/WStart.java	javax.servlet	jakarta-web	org.compiere.mobile	migrate	5f
org.compiere.mobile/WEB-INF/src/org/compiere/mobile/WStatus.java	javax.servlet	jakarta-web	org.compiere.mobile	migrate	5f
org.compiere.mobile/WEB-INF/src/org/compiere/mobile/WStatusArrayList.java	javax.servlet	jakarta-web	org.compiere.mobile	migrate	5f
org.compiere.mobile/WEB-INF/src/org/compiere/mobile/WTask.java	javax.servlet	jakarta-web	org.compiere.mobile	migrate	5f
org.compiere.mobile/WEB-INF/src/org/compiere/mobile/WWindow.java	javax.servlet	jakarta-web	org.compiere.mobile	migrate	5f
org.compiere.mobile/WEB-INF/src/org/compiere/mobile/WWindowStatus.java	javax.servlet	jakarta-web	org.compiere.mobile	migrate	5f
org.compiere.mobile/WEB-INF/src/org/compiere/mobile/WWorkflow.java	javax.servlet	jakarta-web	org.compiere.mobile	migrate	5f
org.compiere.mobile/WEB-INF/src/org/compiere/mobile/WZoom.java	javax.servlet	jakarta-web	org.compiere.mobile	migrate	5f
org.compiere.mobile/build.xml	javax.servlet	jakarta-web	org.compiere.mobile	migrate	5f
serverApps/build.xml	javax.servlet	jakarta-web	serverApps	migrate	5f
serverApps/src/main/servlet/org/compiere/wstore/AdvertisementServlet.java	javax.servlet	jakarta-web	serverApps	migrate	5f
serverApps/src/main/servlet/org/compiere/wstore/AssetServlet.java	javax.servlet	jakarta-web	serverApps	migrate	5f
serverApps/src/main/servlet/org/compiere/wstore/BasketServlet.java	javax.servlet	jakarta-web	serverApps	migrate	5f
serverApps/src/main/servlet/org/compiere/wstore/CheckOutLinkTag.java	javax.servlet	jakarta-web	serverApps	migrate	5f
serverApps/src/main/servlet/org/compiere/wstore/CheckOutServlet.java	javax.servlet	jakarta-web	serverApps	migrate	5f
serverApps/src/main/servlet/org/compiere/wstore/Click.java	javax.servlet	jakarta-web	serverApps	migrate	5f
serverApps/src/main/servlet/org/compiere/wstore/Counter.java	javax.servlet	jakarta-web	serverApps	migrate	5f
serverApps/src/main/servlet/org/compiere/wstore/EMailServlet.java	javax.servlet	jakarta-web	serverApps	migrate	5f
serverApps/src/main/servlet/org/compiere/wstore/ExpenseServlet.java	javax.servlet	jakarta-web	serverApps	migrate	5f
serverApps/src/main/servlet/org/compiere/wstore/InfoLinkTag.java	javax.servlet	jakarta-web	serverApps	migrate	5f
serverApps/src/main/servlet/org/compiere/wstore/InfoServlet.java	javax.servlet	jakarta-web	serverApps	migrate	5f
serverApps/src/main/servlet/org/compiere/wstore/InvoiceServlet.java	javax.servlet	jakarta-web	serverApps	migrate	5f
serverApps/src/main/servlet/org/compiere/wstore/IssueReportServlet.java	javax.servlet	jakarta-web	serverApps	migrate	5f
serverApps/src/main/servlet/org/compiere/wstore/JSPEnv.java	javax.servlet	jakarta-web	serverApps	migrate	5f
serverApps/src/main/servlet/org/compiere/wstore/LocationServlet.java	javax.servlet	jakarta-web	serverApps	migrate	5f
serverApps/src/main/servlet/org/compiere/wstore/LocationTag.java	javax.servlet	jakarta-web	serverApps	migrate	5f
serverApps/src/main/servlet/org/compiere/wstore/LoginLinkTag.java	javax.servlet	jakarta-web	serverApps	migrate	5f
serverApps/src/main/servlet/org/compiere/wstore/LoginServlet.java	javax.servlet	jakarta-web	serverApps	migrate	5f
serverApps/src/main/servlet/org/compiere/wstore/MessageTag.java	javax.servlet	jakarta-web	serverApps	migrate	5f
serverApps/src/main/servlet/org/compiere/wstore/NoteServlet.java	javax.servlet	jakarta-web	serverApps	migrate	5f
serverApps/src/main/servlet/org/compiere/wstore/OrderServlet.java	javax.servlet	jakarta-web	serverApps	migrate	5f
serverApps/src/main/servlet/org/compiere/wstore/PaymentServlet.java	javax.servlet	jakarta-web	serverApps	migrate	5f
serverApps/src/main/servlet/org/compiere/wstore/PriceListTag.java	javax.servlet	jakarta-web	serverApps	migrate	5f
serverApps/src/main/servlet/org/compiere/wstore/ProductCategoryListTag.java	javax.servlet	jakarta-web	serverApps	migrate	5f
serverApps/src/main/servlet/org/compiere/wstore/ProductServlet.java	javax.servlet	jakarta-web	serverApps	migrate	5f
serverApps/src/main/servlet/org/compiere/wstore/RegistrationServlet.java	javax.servlet	jakarta-web	serverApps	migrate	5f
serverApps/src/main/servlet/org/compiere/wstore/RequestOrderRefTag.java	javax.servlet	jakarta-web	serverApps	migrate	5f
serverApps/src/main/servlet/org/compiere/wstore/RequestServlet.java	javax.servlet	jakarta-web	serverApps	migrate	5f
serverApps/src/main/servlet/org/compiere/wstore/RequestTypeTag.java	javax.servlet	jakarta-web	serverApps	migrate	5f
serverApps/src/main/servlet/org/compiere/wstore/RfQServlet.java	javax.servlet	jakarta-web	serverApps	migrate	5f
serverApps/src/main/servlet/org/compiere/wstore/SearchServlet.java	javax.servlet	jakarta-web	serverApps	migrate	5f
serverApps/src/main/servlet/org/compiere/wstore/SingleItem.java	javax.servlet	jakarta-web	serverApps	migrate	5f
serverApps/src/main/servlet/org/compiere/wstore/StoreFilter.java	javax.servlet	jakarta-web	serverApps	migrate	5f
serverApps/src/main/servlet/org/compiere/wstore/UpdateServlet.java	javax.servlet	jakarta-web	serverApps	migrate	5f
serverApps/src/main/servlet/org/compiere/wstore/WorkflowServlet.java	javax.servlet	jakarta-web	serverApps	migrate	5f
serverApps/src/main/servlet/org/compiere/wstore/WorkflowTag.java	javax.servlet	jakarta-web	serverApps	migrate	5f
serverApps/src/main/servlet/org/compiere/www/Test.java	javax.servlet	jakarta-web	serverApps	migrate	5f
serverApps/src/main/servlet/org/compiere/www/Test2.java	javax.servlet	jakarta-web	serverApps	migrate	5f
serverApps/src/main/servlet/org/compiere/www/WAccount.java	javax.servlet	jakarta-web	serverApps	migrate	5f
serverApps/src/main/servlet/org/compiere/www/WAttachment.java	javax.servlet	jakarta-web	serverApps	migrate	5f
serverApps/src/main/servlet/org/compiere/www/WChat.java	javax.servlet	jakarta-web	serverApps	migrate	5f
serverApps/src/main/servlet/org/compiere/www/WError.java	javax.servlet	jakarta-web	serverApps	migrate	5f
serverApps/src/main/servlet/org/compiere/www/WFieldUpdate.java	javax.servlet	jakarta-web	serverApps	migrate	5f
serverApps/src/main/servlet/org/compiere/www/WFilter.java	javax.servlet	jakarta-web	serverApps	migrate	5f
serverApps/src/main/servlet/org/compiere/www/WFindAdv.java	javax.servlet	jakarta-web	serverApps	migrate	5f
serverApps/src/main/servlet/org/compiere/www/WForm.java	javax.servlet	jakarta-web	serverApps	migrate	5f
serverApps/src/main/servlet/org/compiere/www/WHelp.java	javax.servlet	jakarta-web	serverApps	migrate	5f
serverApps/src/main/servlet/org/compiere/www/WLocation.java	javax.servlet	jakarta-web	serverApps	migrate	5f
serverApps/src/main/servlet/org/compiere/www/WLogin.java	javax.servlet	jakarta-web	serverApps	migrate	5f
serverApps/src/main/servlet/org/compiere/www/WLookup.java	javax.servlet	jakarta-web	serverApps	migrate	5f
serverApps/src/main/servlet/org/compiere/www/WMenu.java	javax.servlet	jakarta-web	serverApps	migrate	5f
serverApps/src/main/servlet/org/compiere/www/WProcess.java	javax.servlet	jakarta-web	serverApps	migrate	5f
serverApps/src/main/servlet/org/compiere/www/WProcessCtl.java	javax.servlet	jakarta-web	serverApps	migrate	5f
serverApps/src/main/servlet/org/compiere/www/WReport.java	javax.servlet	jakarta-web	serverApps	migrate	5f
serverApps/src/main/servlet/org/compiere/www/WStart.java	javax.servlet	jakarta-web	serverApps	migrate	5f
serverApps/src/main/servlet/org/compiere/www/WStatus.java	javax.servlet	jakarta-web	serverApps	migrate	5f
serverApps/src/main/servlet/org/compiere/www/WStatusArrayList.java	javax.servlet	jakarta-web	serverApps	migrate	5f
serverApps/src/main/servlet/org/compiere/www/WTask.java	javax.servlet	jakarta-web	serverApps	migrate	5f
serverApps/src/main/servlet/org/compiere/www/WTest.java	javax.servlet	jakarta-web	serverApps	migrate	5f
serverApps/src/main/servlet/org/compiere/www/WValuePreference.java	javax.servlet	jakarta-web	serverApps	migrate	5f
serverApps/src/main/servlet/org/compiere/www/WWindow.java	javax.servlet	jakarta-web	serverApps	migrate	5f
serverApps/src/main/servlet/org/compiere/www/WWindowStatus.java	javax.servlet	jakarta-web	serverApps	migrate	5f
serverApps/src/main/servlet/org/compiere/www/WWorkflow.java	javax.servlet	jakarta-web	serverApps	migrate	5f
serverApps/src/main/servlet/org/compiere/www/WZoom.java	javax.servlet	jakarta-web	serverApps	migrate	5f
serverRoot/build.xml	javax.servlet	jakarta-web	serverRoot	migrate	5f
serverRoot/src/main/servlet/org/compiere/web/AdempiereMonitor.java	javax.servlet	jakarta-web	serverRoot	migrate	5f
serverRoot/src/main/servlet/org/compiere/web/AdempiereMonitorFilter.java	javax.servlet	jakarta-web	serverRoot	migrate	5f
serverRoot/src/main/servlet/org/compiere/web/ServerStatus.java	javax.servlet	jakarta-web	serverRoot	migrate	5f
serverRoot/src/main/servlet/org/compiere/web/StatusInfo.java	javax.servlet	jakarta-web	serverRoot	migrate	5f
tools/build.xml	javax.servlet	jakarta-web	tools	migrate	5f
tools/lib/ant/apache-ant-1.10.10/fetch.xml	javax.servlet	jakarta-web	tools	migrate	5f
webCM/build.xml	javax.servlet	jakarta-web	webCM	migrate	5f
webCM/src/main/servlet/org/compiere/cm/AdRedirector.java	javax.servlet	jakarta-web	webCM	migrate	5f
webCM/src/main/servlet/org/compiere/cm/Broadcast.java	javax.servlet	jakarta-web	webCM	migrate	5f
webCM/src/main/servlet/org/compiere/cm/Community.java	javax.servlet	jakarta-web	webCM	migrate	5f
webCM/src/main/servlet/org/compiere/cm/Extend.java	javax.servlet	jakarta-web	webCM	migrate	5f
webCM/src/main/servlet/org/compiere/cm/HttpServletCM.java	javax.servlet	jakarta-web	webCM	migrate	5f
webCM/src/main/servlet/org/compiere/cm/MediaBroadcast.java	javax.servlet	jakarta-web	webCM	migrate	5f
webCM/src/main/servlet/org/compiere/cm/RequestServlet.java	javax.servlet	jakarta-web	webCM	migrate	5f
webCM/src/main/servlet/org/compiere/cm/StageBroadcast.java	javax.servlet	jakarta-web	webCM	migrate	5f
webCM/src/main/servlet/org/compiere/cm/XMLBroadcast.java	javax.servlet	jakarta-web	webCM	migrate	5f
webCM/src/main/servlet/org/compiere/cm/cache/Service.java	javax.servlet	jakarta-web	webCM	migrate	5f
webCM/src/main/servlet/org/compiere/cm/extend/indexSearch.java	javax.servlet	jakarta-web	webCM	migrate	5f
webCM/src/main/servlet/org/compiere/cm/request/Request.java	javax.servlet	jakarta-web	webCM	migrate	5f
webCM/src/main/servlet/org/compiere/cm/utils/AccessLogger.java	javax.servlet	jakarta-web	webCM	migrate	5f
webCM/src/main/servlet/org/compiere/cm/utils/Attributes.java	javax.servlet	jakarta-web	webCM	migrate	5f
webCM/src/main/servlet/org/compiere/cm/utils/Counter.java	javax.servlet	jakarta-web	webCM	migrate	5f
webCM/src/main/servlet/org/compiere/cm/utils/RequestAnalyzer.java	javax.servlet	jakarta-web	webCM	migrate	5f
webCM/src/main/servlet/org/compiere/cm/xml/Generator.java	javax.servlet	jakarta-web	webCM	migrate	5f
webCM/src/main/servlet/org/compiere/cm/xml/XSLTProcessor.java	javax.servlet	jakarta-web	webCM	migrate	5f
webStore/src/web/WEB-INF/c.tld	javax.servlet	jakarta-web	webStore	migrate	5f
webStore/src/web/WEB-INF/fmt.tld	javax.servlet	jakarta-web	webStore	migrate	5f
webStore/src/web/WEB-INF/sql.tld	javax.servlet	jakarta-web	webStore	migrate	5f
webStore/src/web/WEB-INF/x.tld	javax.servlet	jakarta-web	webStore	migrate	5f
webStore/src/web/assets.jsp	javax.servlet	jakarta-web	webStore	migrate	5f
webStore/src/web/basket.jsp	javax.servlet	jakarta-web	webStore	migrate	5f
webStore/src/web/commissionRuns.jsp	javax.servlet	jakarta-web	webStore	migrate	5f
webStore/src/web/commissionedInvoices.jsp	javax.servlet	jakarta-web	webStore	migrate	5f
webStore/src/web/confirm.jsp	javax.servlet	jakarta-web	webStore	migrate	5f
webStore/src/web/expense.jsp	javax.servlet	jakarta-web	webStore	migrate	5f
webStore/src/web/expenses.jsp	javax.servlet	jakarta-web	webStore	migrate	5f
webStore/src/web/index.jsp	javax.servlet	jakarta-web	webStore	migrate	5f
webStore/src/web/info.jsp	javax.servlet	jakarta-web	webStore	migrate	5f
webStore/src/web/invoiceLines.jsp	javax.servlet	jakarta-web	webStore	migrate	5f
webStore/src/web/invoices.jsp	javax.servlet	jakarta-web	webStore	migrate	5f
webStore/src/web/notes.jsp	javax.servlet	jakarta-web	webStore	migrate	5f
webStore/src/web/orderDetails.jsp	javax.servlet	jakarta-web	webStore	migrate	5f
webStore/src/web/orders.jsp	javax.servlet	jakarta-web	webStore	migrate	5f
webStore/src/web/payments.jsp	javax.servlet	jakarta-web	webStore	migrate	5f
webStore/src/web/registrations.jsp	javax.servlet	jakarta-web	webStore	migrate	5f
webStore/src/web/requestDetails.jsp	javax.servlet	jakarta-web	webStore	migrate	5f
webStore/src/web/requestTypes.jsp	javax.servlet	jakarta-web	webStore	migrate	5f
webStore/src/web/requests.jsp	javax.servlet	jakarta-web	webStore	migrate	5f
webStore/src/web/requestsAll.jsp	javax.servlet	jakarta-web	webStore	migrate	5f
webStore/src/web/requests_sr.jsp	javax.servlet	jakarta-web	webStore	migrate	5f
webStore/src/web/rfqDetails.jsp	javax.servlet	jakarta-web	webStore	migrate	5f
webStore/src/web/rfqs.jsp	javax.servlet	jakarta-web	webStore	migrate	5f
webStore/src/web/shipments.jsp	javax.servlet	jakarta-web	webStore	migrate	5f
webStore/src/web/template.jsp	javax.servlet	jakarta-web	webStore	migrate	5f
zkwebui/src/transformerFixture/java/org/adempiere/webui/phase5c/LegacyFilterFixture.java	javax.servlet	jakarta-web	zkwebui	migrate	5f
base/src/org/compiere/model/MClient.java	javax.mail	non-web-jakarta	base	defer	post-phase5
base/src/org/compiere/model/MUser.java	javax.mail	non-web-jakarta	base	defer	post-phase5
base/src/org/compiere/util/EMail.java	javax.mail	non-web-jakarta	base	defer	post-phase5
base/src/org/compiere/util/EMailAuthenticator.java	javax.mail	non-web-jakarta	base	defer	post-phase5
base/src/org/compiere/util/WebUtil.java	javax.mail	non-web-jakarta	base	defer	post-phase5
gradle/verification-metadata.xml	javax.mail	non-web-jakarta	gradle	defer	post-phase5
install/Adempiere/build.xml	javax.mail	non-web-jakarta	install	defer	post-phase5
install/src/org/compiere/install/ConfigurationData.java	javax.mail	non-web-jakarta	install	defer	post-phase5
org.adempiere.request/src/main/java/org/compiere/request/process/RequestEMailProcessor.java	javax.mail	non-web-jakarta	org.adempiere.request	defer	post-phase5
org.compiere.mobile/WEB-INF/src/org/compiere/mobile/MobileUtil.java	javax.mail	non-web-jakarta	org.compiere.mobile	defer	post-phase5
base/src/org/adempiere/process/rpl/exp/MultiplePublisher.java	javax.jms	non-web-jakarta	base	defer	post-phase5
base/src/org/adempiere/process/rpl/exp/TopicExportProcessor.java	javax.jms	non-web-jakarta	base	defer	post-phase5
base/src/org/spin/util/support/mq/ActiveMQ.java	javax.jms	non-web-jakarta	base	defer	post-phase5
serverRoot/build.xml	javax.jms	non-web-jakarta	serverRoot	defer	post-phase5
serverRoot/src/main/server/org/adempiere/server/rpl/imp/TopicListener.java	javax.jms	non-web-jakarta	serverRoot	defer	post-phase5
tools/build.xml	javax.jms	non-web-jakarta	tools	defer	post-phase5
JasperReportsWebApp/src/org/compiere/ejb/MD5Bean.java	javax.ejb	non-web-jakarta	JasperReportsWebApp	defer	post-phase5
base/src/org/compiere/interfaces/MD5.java	javax.ejb	non-web-jakarta	base	defer	post-phase5
base/src/org/compiere/interfaces/ServerLocal.java	javax.ejb	non-web-jakarta	base	defer	post-phase5
base/src/org/compiere/interfaces/ServerRemote.java	javax.ejb	non-web-jakarta	base	defer	post-phase5
base/src/org/compiere/interfaces/StatusLocal.java	javax.ejb	non-web-jakarta	base	defer	post-phase5
base/src/org/compiere/interfaces/StatusRemote.java	javax.ejb	non-web-jakarta	base	defer	post-phase5
serverRoot/src/main/ejb/org/compiere/session/ServerBean.java	javax.ejb	non-web-jakarta	serverRoot	defer	post-phase5
serverRoot/src/main/ejb/org/compiere/session/StatusBean.java	javax.ejb	non-web-jakarta	serverRoot	defer	post-phase5
gradle/verification-metadata.xml	javax.annotation	non-web-jakarta	gradle	defer	post-phase5
serverRoot/build.xml	javax.annotation	non-web-jakarta	serverRoot	defer	post-phase5
serverRoot/src/main/ejb/org/compiere/session/ServerBean.java	javax.annotation	non-web-jakarta	serverRoot	defer	post-phase5
serverRoot/src/main/ejb/org/compiere/session/StatusBean.java	javax.annotation	non-web-jakarta	serverRoot	defer	post-phase5
tools/build.xml	javax.annotation	non-web-jakarta	tools	defer	post-phase5
base/src/org/compiere/model/MAttachment.java	javax.activation	non-web-jakarta	base	defer	post-phase5
base/src/org/compiere/util/ByteArrayDataSource.java	javax.activation	non-web-jakarta	base	defer	post-phase5
base/src/org/compiere/util/EMail.java	javax.activation	non-web-jakarta	base	defer	post-phase5
gradle/verification-metadata.xml	javax.activation	non-web-jakarta	gradle	defer	post-phase5
tools/build.xml	javax.activation	non-web-jakarta	tools	defer	post-phase5
.idea/uiDesigner.xml	javax.swing	java-se	.idea	retain	never
base/phase2-smoke/src/test/java/org/adempiere/phase2/SemanticSwingSmokeTest.java	javax.swing	java-se	base	retain	never
base/src/com/akunagroup/uk/postcode/AddressLookup.java	javax.swing	java-se	base	retain	never
base/src/org/compiere/db/CConnection.java	javax.swing	java-se	base	retain	never
base/src/org/compiere/model/GridTab.java	javax.swing	java-se	base	retain	never
base/src/org/compiere/model/GridTable.java	javax.swing	java-se	base	retain	never
base/src/org/compiere/model/GridWindow.java	javax.swing	java-se	base	retain	never
base/src/org/compiere/model/GridWorkbench.java	javax.swing	java-se	base	retain	never
base/src/org/compiere/model/Lookup.java	javax.swing	java-se	base	retain	never
base/src/org/compiere/model/MImage.java	javax.swing	java-se	base	retain	never
base/src/org/compiere/model/MTree.java	javax.swing	java-se	base	retain	never
base/src/org/compiere/model/MTreeNode.java	javax.swing	java-se	base	retain	never
base/src/org/compiere/print/PrintUtil.java	javax.swing	java-se	base	retain	never
base/src/org/compiere/print/layout/HTMLRenderer.java	javax.swing	java-se	base	retain	never
base/src/org/compiere/process/MigrationToXML.java	javax.swing	java-se	base	retain	never
base/src/org/compiere/report/MReportTree.java	javax.swing	java-se	base	retain	never
base/src/org/compiere/util/ASyncWorker.java	javax.swing	java-se	base	retain	never
base/src/org/compiere/util/DB.java	javax.swing	java-se	base	retain	never
base/src/org/compiere/util/Env.java	javax.swing	java-se	base	retain	never
base/src/org/compiere/util/ExtensionFileFilter.java	javax.swing	java-se	base	retain	never
base/src/org/compiere/util/Login.java	javax.swing	java-se	base	retain	never
base/src/org/compiere/util/Util.java	javax.swing	java-se	base	retain	never
client/src/org/adempiere/Adempiere.java	javax.swing	java-se	client	retain	never
client/src/org/adempiere/apps/graph/FCHtmlEditorKit.java	javax.swing	java-se	client	retain	never
client/src/org/adempiere/apps/graph/HtmlDashboard.java	javax.swing	java-se	client	retain	never
client/src/org/adempiere/apps/graph/PAPanel.java	javax.swing	java-se	client	retain	never
client/src/org/adempiere/apps/graph/PerformanceIndicator.java	javax.swing	java-se	client	retain	never
client/src/org/adempiere/apps/graph/ViewPI.java	javax.swing	java-se	client	retain	never
client/src/org/adempiere/pdf/viewer/PDFViewerBean.java	javax.swing	java-se	client	retain	never
client/src/org/adempiere/plaf/AdempiereButtonListener.java	javax.swing	java-se	client	retain	never
client/src/org/adempiere/plaf/AdempiereComboBoxUI.java	javax.swing	java-se	client	retain	never
client/src/org/adempiere/plaf/AdempiereComboPopup.java	javax.swing	java-se	client	retain	never
client/src/org/adempiere/plaf/AdempiereLabelUI.java	javax.swing	java-se	client	retain	never
client/src/org/adempiere/plaf/AdempiereLookAndFeel.java	javax.swing	java-se	client	retain	never
client/src/org/adempiere/plaf/AdempierePLAF.java	javax.swing	java-se	client	retain	never
client/src/org/adempiere/plaf/AdempiereTabbedPaneUI.java	javax.swing	java-se	client	retain	never
client/src/org/adempiere/plaf/AdempiereTaskPaneUI.java	javax.swing	java-se	client	retain	never
client/src/org/adempiere/plaf/AdempiereTheme.java	javax.swing	java-se	client	retain	never
client/src/org/adempiere/plaf/AdempiereThemeInnova.java	javax.swing	java-se	client	retain	never
client/src/org/adempiere/plaf/PLAFEditor.java	javax.swing	java-se	client	retain	never
client/src/org/adempiere/plaf/PLAFEditorPanel.java	javax.swing	java-se	client	retain	never
client/src/org/compiere/acct/AcctViewer.java	javax.swing	java-se	client	retain	never
client/src/org/compiere/acct/AcctViewerData.java	javax.swing	java-se	client	retain	never
client/src/org/compiere/apps/AArchive.java	javax.swing	java-se	client	retain	never
client/src/org/compiere/apps/AChat.java	javax.swing	java-se	client	retain	never
client/src/org/compiere/apps/ADialog.java	javax.swing	java-se	client	retain	never
client/src/org/compiere/apps/ADialogDialog.java	javax.swing	java-se	client	retain	never
client/src/org/compiere/apps/AEnv.java	javax.swing	java-se	client	retain	never
client/src/org/compiere/apps/AExport.java	javax.swing	java-se	client	retain	never
client/src/org/compiere/apps/AFocusTraversalPolicy.java	javax.swing	java-se	client	retain	never
client/src/org/compiere/apps/AGlassPane.java	javax.swing	java-se	client	retain	never
client/src/org/compiere/apps/ALogin.java	javax.swing	java-se	client	retain	never
client/src/org/compiere/apps/ALoginTest.java	javax.swing	java-se	client	retain	never
client/src/org/compiere/apps/AMenu.java	javax.swing	java-se	client	retain	never
client/src/org/compiere/apps/AMenuStartItem.java	javax.swing	java-se	client	retain	never
client/src/org/compiere/apps/APanel.java	javax.swing	java-se	client	retain	never
client/src/org/compiere/apps/AProcessAction.java	javax.swing	java-se	client	retain	never
client/src/org/compiere/apps/ARequest.java	javax.swing	java-se	client	retain	never
client/src/org/compiere/apps/ASearch.java	javax.swing	java-se	client	retain	never
client/src/org/compiere/apps/AStart.java	javax.swing	java-se	client	retain	never
client/src/org/compiere/apps/ATask.java	javax.swing	java-se	client	retain	never
client/src/org/compiere/apps/AZoomAcross.java	javax.swing	java-se	client	retain	never
client/src/org/compiere/apps/AboutBox.java	javax.swing	java-se	client	retain	never
client/src/org/compiere/apps/AppsAction.java	javax.swing	java-se	client	retain	never
client/src/org/compiere/apps/Attachment.java	javax.swing	java-se	client	retain	never
client/src/org/compiere/apps/BeanShellEditor.java	javax.swing	java-se	client	retain	never
client/src/org/compiere/apps/ConfirmPanel.java	javax.swing	java-se	client	retain	never
client/src/org/compiere/apps/DeleteSelection.java	javax.swing	java-se	client	retain	never
client/src/org/compiere/apps/FieldRecordInfo.java	javax.swing	java-se	client	retain	never
client/src/org/compiere/apps/GroovyEditor.java	javax.swing	java-se	client	retain	never
client/src/org/compiere/apps/Help.java	javax.swing	java-se	client	retain	never
client/src/org/compiere/apps/OnlineHelp.java	javax.swing	java-se	client	retain	never
client/src/org/compiere/apps/Preference.java	javax.swing	java-se	client	retain	never
client/src/org/compiere/apps/ProcessCtl.java	javax.swing	java-se	client	retain	never
client/src/org/compiere/apps/ProcessPanel.java	javax.swing	java-se	client	retain	never
client/src/org/compiere/apps/RecordInfo.java	javax.swing	java-se	client	retain	never
client/src/org/compiere/apps/ScreenShot.java	javax.swing	java-se	client	retain	never
client/src/org/compiere/apps/StatusBar.java	javax.swing	java-se	client	retain	never
client/src/org/compiere/apps/SwingWorker.java	javax.swing	java-se	client	retain	never
client/src/org/compiere/apps/TabSwitcher.java	javax.swing	java-se	client	retain	never
client/src/org/compiere/apps/Waiting.java	javax.swing	java-se	client	retain	never
client/src/org/compiere/apps/WindowMenu.java	javax.swing	java-se	client	retain	never
client/src/org/compiere/apps/form/ArchiveViewer.java	javax.swing	java-se	client	retain	never
client/src/org/compiere/apps/form/FormFrame.java	javax.swing	java-se	client	retain	never
client/src/org/compiere/apps/form/VAllocation.java	javax.swing	java-se	client	retain	never
client/src/org/compiere/apps/form/VAttributeGrid.java	javax.swing	java-se	client	retain	never
client/src/org/compiere/apps/form/VBOMDrop.java	javax.swing	java-se	client	retain	never
client/src/org/compiere/apps/form/VCharge.java	javax.swing	java-se	client	retain	never
client/src/org/compiere/apps/form/VCreateFromInvoiceUI.java	javax.swing	java-se	client	retain	never
client/src/org/compiere/apps/form/VCreateFromPanel.java	javax.swing	java-se	client	retain	never
client/src/org/compiere/apps/form/VCreateFromRMAUI.java	javax.swing	java-se	client	retain	never
client/src/org/compiere/apps/form/VCreateFromShipmentUI.java	javax.swing	java-se	client	retain	never
client/src/org/compiere/apps/form/VCreateFromStatementUI.java	javax.swing	java-se	client	retain	never
client/src/org/compiere/apps/form/VDeleteEntity.java	javax.swing	java-se	client	retain	never
client/src/org/compiere/apps/form/VFactReconcile.java	javax.swing	java-se	client	retain	never
client/src/org/compiere/apps/form/VFileImport.java	javax.swing	java-se	client	retain	never
client/src/org/compiere/apps/form/VGenPanel.java	javax.swing	java-se	client	retain	never
client/src/org/compiere/apps/form/VMatch.java	javax.swing	java-se	client	retain	never
client/src/org/compiere/apps/form/VPayPrint.java	javax.swing	java-se	client	retain	never
client/src/org/compiere/apps/form/VPaySelect.java	javax.swing	java-se	client	retain	never
client/src/org/compiere/apps/form/VSetup.java	javax.swing	java-se	client	retain	never
client/src/org/compiere/apps/form/VStocktake.java	javax.swing	java-se	client	retain	never
client/src/org/compiere/apps/form/VTreeBOM.java	javax.swing	java-se	client	retain	never
client/src/org/compiere/apps/form/VTreeMaintenance.java	javax.swing	java-se	client	retain	never
client/src/org/compiere/apps/form/VTrxMaterial.java	javax.swing	java-se	client	retain	never
client/src/org/compiere/apps/search/FieldAutoCompleter.java	javax.swing	java-se	client	retain	never
client/src/org/compiere/apps/search/Find.java	javax.swing	java-se	client	retain	never
client/src/org/compiere/apps/search/FindCellEditor.java	javax.swing	java-se	client	retain	never
client/src/org/compiere/apps/search/FindValueEditor.java	javax.swing	java-se	client	retain	never
client/src/org/compiere/apps/search/FindValueRenderer.java	javax.swing	java-se	client	retain	never
client/src/org/compiere/apps/search/Info.java	javax.swing	java-se	client	retain	never
client/src/org/compiere/apps/search/InfoBPartner.java	javax.swing	java-se	client	retain	never
client/src/org/compiere/apps/search/InfoGeneral.java	javax.swing	java-se	client	retain	never
client/src/org/compiere/apps/search/InfoInvoice.java	javax.swing	java-se	client	retain	never
client/src/org/compiere/apps/search/InfoPAttribute.java	javax.swing	java-se	client	retain	never
client/src/org/compiere/apps/search/InfoProduct.java	javax.swing	java-se	client	retain	never
client/src/org/compiere/apps/search/InfoSchedule.java	javax.swing	java-se	client	retain	never
client/src/org/compiere/apps/search/InvoiceHistory.java	javax.swing	java-se	client	retain	never
client/src/org/compiere/apps/search/PAttributeInstance.java	javax.swing	java-se	client	retain	never
client/src/org/compiere/apps/search/VSchedule.java	javax.swing	java-se	client	retain	never
client/src/org/compiere/apps/search/VSchedulePanel.java	javax.swing	java-se	client	retain	never
client/src/org/compiere/apps/search/VScheduleTimePanel.java	javax.swing	java-se	client	retain	never
client/src/org/compiere/apps/wf/WFActivity.java	javax.swing	java-se	client	retain	never
client/src/org/compiere/apps/wf/WFContentPanel.java	javax.swing	java-se	client	retain	never
client/src/org/compiere/apps/wf/WFIcon.java	javax.swing	java-se	client	retain	never
client/src/org/compiere/apps/wf/WFLine.java	javax.swing	java-se	client	retain	never
client/src/org/compiere/apps/wf/WFNode.java	javax.swing	java-se	client	retain	never
client/src/org/compiere/apps/wf/WFPanel.java	javax.swing	java-se	client	retain	never
client/src/org/compiere/db/CConnectionDialog.java	javax.swing	java-se	client	retain	never
client/src/org/compiere/db/CConnectionEditor.java	javax.swing	java-se	client	retain	never
client/src/org/compiere/dbPort/ConvertDialog.java	javax.swing	java-se	client	retain	never
client/src/org/compiere/grid/GridController.java	javax.swing	java-se	client	retain	never
client/src/org/compiere/grid/RecordAccessDialog.java	javax.swing	java-se	client	retain	never
client/src/org/compiere/grid/VAlert.java	javax.swing	java-se	client	retain	never
client/src/org/compiere/grid/VCreateFromDialog.java	javax.swing	java-se	client	retain	never
client/src/org/compiere/grid/VOnlyCurrentDays.java	javax.swing	java-se	client	retain	never
client/src/org/compiere/grid/VPanel.java	javax.swing	java-se	client	retain	never
client/src/org/compiere/grid/VPayment.java	javax.swing	java-se	client	retain	never
client/src/org/compiere/grid/VSortTab.java	javax.swing	java-se	client	retain	never
client/src/org/compiere/grid/VTabbedPane.java	javax.swing	java-se	client	retain	never
client/src/org/compiere/grid/VTable.java	javax.swing	java-se	client	retain	never
client/src/org/compiere/grid/VTableExcelAdapter.java	javax.swing	java-se	client	retain	never
client/src/org/compiere/grid/ed/ADempiereAutoCompleteDecorator.java	javax.swing	java-se	client	retain	never
client/src/org/compiere/grid/ed/AutoCompleter.java	javax.swing	java-se	client	retain	never
client/src/org/compiere/grid/ed/AutoCompletion.java	javax.swing	java-se	client	retain	never
client/src/org/compiere/grid/ed/Calculator.java	javax.swing	java-se	client	retain	never
client/src/org/compiere/grid/ed/Calendar.java	javax.swing	java-se	client	retain	never
client/src/org/compiere/grid/ed/CityAutoCompleter.java	javax.swing	java-se	client	retain	never
client/src/org/compiere/grid/ed/ComboSelectionManager.java	javax.swing	java-se	client	retain	never
client/src/org/compiere/grid/ed/Editor.java	javax.swing	java-se	client	retain	never
client/src/org/compiere/grid/ed/HTMLEditor.java	javax.swing	java-se	client	retain	never
client/src/org/compiere/grid/ed/MDocDate.java	javax.swing	java-se	client	retain	never
client/src/org/compiere/grid/ed/MDocNumber.java	javax.swing	java-se	client	retain	never
client/src/org/compiere/grid/ed/MDocString.java	javax.swing	java-se	client	retain	never
client/src/org/compiere/grid/ed/MDocTime.java	javax.swing	java-se	client	retain	never
client/src/org/compiere/grid/ed/VAccount.java	javax.swing	java-se	client	retain	never
client/src/org/compiere/grid/ed/VAccountDialog.java	javax.swing	java-se	client	retain	never
client/src/org/compiere/grid/ed/VAssignment.java	javax.swing	java-se	client	retain	never
client/src/org/compiere/grid/ed/VAssignmentDialog.java	javax.swing	java-se	client	retain	never
client/src/org/compiere/grid/ed/VBPartner.java	javax.swing	java-se	client	retain	never
client/src/org/compiere/grid/ed/VBinary.java	javax.swing	java-se	client	retain	never
client/src/org/compiere/grid/ed/VCellEditor.java	javax.swing	java-se	client	retain	never
client/src/org/compiere/grid/ed/VCellRenderer.java	javax.swing	java-se	client	retain	never
client/src/org/compiere/grid/ed/VCheckBox.java	javax.swing	java-se	client	retain	never
client/src/org/compiere/grid/ed/VColor.java	javax.swing	java-se	client	retain	never
client/src/org/compiere/grid/ed/VComboBox.java	javax.swing	java-se	client	retain	never
client/src/org/compiere/grid/ed/VDate.java	javax.swing	java-se	client	retain	never
client/src/org/compiere/grid/ed/VDocAction.java	javax.swing	java-se	client	retain	never
client/src/org/compiere/grid/ed/VEditor.java	javax.swing	java-se	client	retain	never
client/src/org/compiere/grid/ed/VFile.java	javax.swing	java-se	client	retain	never
client/src/org/compiere/grid/ed/VHeaderRenderer.java	javax.swing	java-se	client	retain	never
client/src/org/compiere/grid/ed/VImage.java	javax.swing	java-se	client	retain	never
client/src/org/compiere/grid/ed/VImageDialog.java	javax.swing	java-se	client	retain	never
client/src/org/compiere/grid/ed/VLine.java	javax.swing	java-se	client	retain	never
client/src/org/compiere/grid/ed/VLocation.java	javax.swing	java-se	client	retain	never
client/src/org/compiere/grid/ed/VLocationDialog.java	javax.swing	java-se	client	retain	never
client/src/org/compiere/grid/ed/VLocator.java	javax.swing	java-se	client	retain	never
client/src/org/compiere/grid/ed/VLocatorDialog.java	javax.swing	java-se	client	retain	never
client/src/org/compiere/grid/ed/VLookup.java	javax.swing	java-se	client	retain	never
client/src/org/compiere/grid/ed/VLookupAutoCompleter.java	javax.swing	java-se	client	retain	never
client/src/org/compiere/grid/ed/VMemo.java	javax.swing	java-se	client	retain	never
client/src/org/compiere/grid/ed/VNumber.java	javax.swing	java-se	client	retain	never
client/src/org/compiere/grid/ed/VOvrCaret.java	javax.swing	java-se	client	retain	never
client/src/org/compiere/grid/ed/VPAttribute.java	javax.swing	java-se	client	retain	never
client/src/org/compiere/grid/ed/VPAttributeDialog.java	javax.swing	java-se	client	retain	never
client/src/org/compiere/grid/ed/VRadioButton.java	javax.swing	java-se	client	retain	never
client/src/org/compiere/grid/ed/VRowIDEditor.java	javax.swing	java-se	client	retain	never
client/src/org/compiere/grid/ed/VRowIDRenderer.java	javax.swing	java-se	client	retain	never
client/src/org/compiere/grid/ed/VString.java	javax.swing	java-se	client	retain	never
client/src/org/compiere/grid/ed/VText.java	javax.swing	java-se	client	retain	never
client/src/org/compiere/grid/ed/VTextLong.java	javax.swing	java-se	client	retain	never
client/src/org/compiere/grid/ed/VURL.java	javax.swing	java-se	client	retain	never
client/src/org/compiere/grid/ed/ValuePreference.java	javax.swing	java-se	client	retain	never
client/src/org/compiere/grid/tree/AdempiereTreeModel.java	javax.swing	java-se	client	retain	never
client/src/org/compiere/grid/tree/VTreeCellRenderer.java	javax.swing	java-se	client	retain	never
client/src/org/compiere/grid/tree/VTreePanel.java	javax.swing	java-se	client	retain	never
client/src/org/compiere/grid/tree/VTreeTransferHandler.java	javax.swing	java-se	client	retain	never
client/src/org/compiere/install/VTranslationDialog.java	javax.swing	java-se	client	retain	never
client/src/org/compiere/jr/report/JasperReportViewer.java	javax.swing	java-se	client	retain	never
client/src/org/compiere/jr/report/JasperViewer.java	javax.swing	java-se	client	retain	never
client/src/org/compiere/jr/report/SwingJRViewerProvider.java	javax.swing	java-se	client	retain	never
client/src/org/compiere/minigrid/ButtonRenderer.java	javax.swing	java-se	client	retain	never
client/src/org/compiere/minigrid/CheckRenderer.java	javax.swing	java-se	client	retain	never
client/src/org/compiere/minigrid/IDColumnEditor.java	javax.swing	java-se	client	retain	never
client/src/org/compiere/minigrid/IDColumnRenderer.java	javax.swing	java-se	client	retain	never
client/src/org/compiere/minigrid/MiniCellEditor.java	javax.swing	java-se	client	retain	never
client/src/org/compiere/minigrid/MiniTable.java	javax.swing	java-se	client	retain	never
client/src/org/compiere/minigrid/ROCellEditor.java	javax.swing	java-se	client	retain	never
client/src/org/compiere/plaf/AquaTheme.java	javax.swing	java-se	client	retain	never
client/src/org/compiere/plaf/CharcoalTheme.java	javax.swing	java-se	client	retain	never
client/src/org/compiere/plaf/CompiereButtonListener.java	javax.swing	java-se	client	retain	never
client/src/org/compiere/plaf/CompiereButtonUI.java	javax.swing	java-se	client	retain	never
client/src/org/compiere/plaf/CompiereCheckBoxMenuItemUI.java	javax.swing	java-se	client	retain	never
client/src/org/compiere/plaf/CompiereCheckBoxUI.java	javax.swing	java-se	client	retain	never
client/src/org/compiere/plaf/CompiereColor.java	javax.swing	java-se	client	retain	never
client/src/org/compiere/plaf/CompiereComboBoxUI.java	javax.swing	java-se	client	retain	never
client/src/org/compiere/plaf/CompiereComboPopup.java	javax.swing	java-se	client	retain	never
client/src/org/compiere/plaf/CompiereLabelUI.java	javax.swing	java-se	client	retain	never
client/src/org/compiere/plaf/CompiereLookAndFeel.java	javax.swing	java-se	client	retain	never
client/src/org/compiere/plaf/CompiereMenuBarUI.java	javax.swing	java-se	client	retain	never
client/src/org/compiere/plaf/CompiereMenuItemUI.java	javax.swing	java-se	client	retain	never
client/src/org/compiere/plaf/CompiereMenuUI.java	javax.swing	java-se	client	retain	never
client/src/org/compiere/plaf/CompierePanelUI.java	javax.swing	java-se	client	retain	never
client/src/org/compiere/plaf/CompiereRadioButtonUI.java	javax.swing	java-se	client	retain	never
client/src/org/compiere/plaf/CompiereRootPaneUI.java	javax.swing	java-se	client	retain	never
client/src/org/compiere/plaf/CompiereScrollPaneUI.java	javax.swing	java-se	client	retain	never
client/src/org/compiere/plaf/CompiereSplitPaneDivider.java	javax.swing	java-se	client	retain	never
client/src/org/compiere/plaf/CompiereSplitPaneUI.java	javax.swing	java-se	client	retain	never
client/src/org/compiere/plaf/CompiereTabbedPaneUI.java	javax.swing	java-se	client	retain	never
client/src/org/compiere/plaf/CompiereTableHeaderUI.java	javax.swing	java-se	client	retain	never
client/src/org/compiere/plaf/CompiereTextAreaUI.java	javax.swing	java-se	client	retain	never
client/src/org/compiere/plaf/CompiereTheme.java	javax.swing	java-se	client	retain	never
client/src/org/compiere/plaf/CompiereThemeBlueMetal.java	javax.swing	java-se	client	retain	never
client/src/org/compiere/plaf/CompiereThemeEditor.java	javax.swing	java-se	client	retain	never
client/src/org/compiere/plaf/CompiereThemeIce.java	javax.swing	java-se	client	retain	never
client/src/org/compiere/plaf/CompiereToggleButtonUI.java	javax.swing	java-se	client	retain	never
client/src/org/compiere/plaf/CompiereToolBarUI.java	javax.swing	java-se	client	retain	never
client/src/org/compiere/plaf/CompiereToolTipUI.java	javax.swing	java-se	client	retain	never
client/src/org/compiere/plaf/CompiereUtils.java	javax.swing	java-se	client	retain	never
client/src/org/compiere/plaf/CompiereViewportUI.java	javax.swing	java-se	client	retain	never
client/src/org/compiere/plaf/ContrastTheme.java	javax.swing	java-se	client	retain	never
client/src/org/compiere/plaf/EmeraldTheme.java	javax.swing	java-se	client	retain	never
client/src/org/compiere/plaf/RubyTheme.java	javax.swing	java-se	client	retain	never
client/src/org/compiere/print/AReport.java	javax.swing	java-se	client	retain	never
client/src/org/compiere/print/CPrinter.java	javax.swing	java-se	client	retain	never
client/src/org/compiere/print/SwingViewerProvider.java	javax.swing	java-se	client	retain	never
client/src/org/compiere/print/Viewer.java	javax.swing	java-se	client	retain	never
client/src/org/compiere/report/core/ResultTable.java	javax.swing	java-se	client	retain	never
client/src/org/compiere/report/core/ResultTableCellEditor.java	javax.swing	java-se	client	retain	never
client/src/org/compiere/report/core/ResultTableCellRenderer.java	javax.swing	java-se	client	retain	never
client/src/org/compiere/report/core/ResultTableModel.java	javax.swing	java-se	client	retain	never
client/src/org/compiere/swing/CButton.java	javax.swing	java-se	client	retain	never
client/src/org/compiere/swing/CCheckBox.java	javax.swing	java-se	client	retain	never
client/src/org/compiere/swing/CCheckBoxMenuItem.java	javax.swing	java-se	client	retain	never
client/src/org/compiere/swing/CColumnControlButton.java	javax.swing	java-se	client	retain	never
client/src/org/compiere/swing/CComboBox.java	javax.swing	java-se	client	retain	never
client/src/org/compiere/swing/CComboBoxEditable.java	javax.swing	java-se	client	retain	never
client/src/org/compiere/swing/CDialog.java	javax.swing	java-se	client	retain	never
client/src/org/compiere/swing/CField.java	javax.swing	java-se	client	retain	never
client/src/org/compiere/swing/CFieldEditor.java	javax.swing	java-se	client	retain	never
client/src/org/compiere/swing/CFrame.java	javax.swing	java-se	client	retain	never
client/src/org/compiere/swing/CLabel.java	javax.swing	java-se	client	retain	never
client/src/org/compiere/swing/CMenuItem.java	javax.swing	java-se	client	retain	never
client/src/org/compiere/swing/CPanel.java	javax.swing	java-se	client	retain	never
client/src/org/compiere/swing/CPassword.java	javax.swing	java-se	client	retain	never
client/src/org/compiere/swing/CRadioButton.java	javax.swing	java-se	client	retain	never
client/src/org/compiere/swing/CScrollPane.java	javax.swing	java-se	client	retain	never
client/src/org/compiere/swing/CTabbedPane.java	javax.swing	java-se	client	retain	never
client/src/org/compiere/swing/CTable.java	javax.swing	java-se	client	retain	never
client/src/org/compiere/swing/CTextArea.java	javax.swing	java-se	client	retain	never
client/src/org/compiere/swing/CTextField.java	javax.swing	java-se	client	retain	never
client/src/org/compiere/swing/CTextPane.java	javax.swing	java-se	client	retain	never
client/src/org/compiere/swing/CToggleButton.java	javax.swing	java-se	client	retain	never
client/src/org/compiere/swing/CollapsiblePanel.java	javax.swing	java-se	client	retain	never
client/src/org/compiere/swing/ColorBlind.java	javax.swing	java-se	client	retain	never
client/src/org/compiere/swing/ColorEditor.java	javax.swing	java-se	client	retain	never
client/src/org/compiere/swing/ExtendedTheme.java	javax.swing	java-se	client	retain	never
client/src/org/compiere/swing/FontChooser.java	javax.swing	java-se	client	retain	never
client/src/org/compiere/swing/ShadowBorder.java	javax.swing	java-se	client	retain	never
client/src/org/compiere/swing/StackedBox.java	javax.swing	java-se	client	retain	never
client/src/org/compiere/swing/TableCellNone.java	javax.swing	java-se	client	retain	never
client/src/org/compiere/swing/ThemeUtils.java	javax.swing	java-se	client	retain	never
client/src/org/compiere/util/IniDialog.java	javax.swing	java-se	client	retain	never
client/src/org/compiere/util/MiniBrowser.java	javax.swing	java-se	client	retain	never
client/src/org/eevolution/form/VBrowser.java	javax.swing	java-se	client	retain	never
client/src/org/eevolution/form/VBrowserSearch.java	javax.swing	java-se	client	retain	never
client/src/org/eevolution/form/VInOutInvoiceGen.java	javax.swing	java-se	client	retain	never
client/src/org/eevolution/grid/VBrowserCellEditor.java	javax.swing	java-se	client	retain	never
client/src/org/eevolution/grid/VBrowserTable.java	javax.swing	java-se	client	retain	never
client/src/org/spin/apps/form/VBankStatementMatch.java	javax.swing	java-se	client	retain	never
com.kkalice.adempiere.migrate/src/com/kkalice/adempiere/migrate/Gui.java	javax.swing	java-se	com.kkalice.adempiere.migrate	retain	never
com.kkalice.adempiere.migrate/src/com/kkalice/adempiere/migrate/HelpAbout.java	javax.swing	java-se	com.kkalice.adempiere.migrate	retain	never
com.kkalice.adempiere.migrate/src/com/kkalice/adempiere/migrate/HelpInfo.java	javax.swing	java-se	com.kkalice.adempiere.migrate	retain	never
install/src/org/compiere/install/ConfigurationData.java	javax.swing	java-se	install	retain	never
install/src/org/compiere/install/ConfigurationPanel.java	javax.swing	java-se	install	retain	never
install/src/org/compiere/install/KeyStoreDialog.java	javax.swing	java-se	install	retain	never
install/src/org/compiere/install/KeyStoreMgt.java	javax.swing	java-se	install	retain	never
install/src/org/compiere/install/Setup.java	javax.swing	java-se	install	retain	never
install/src/org/compiere/install/Setup_Help.java	javax.swing	java-se	install	retain	never
org.adempiere.pos/.idea/uiDesigner.xml	javax.swing	java-se	org.adempiere.pos	retain	never
org.adempiere.pos/src/main/java/base/org/adempiere/pos/POSKeyboardFocusManager.java	javax.swing	java-se	org.adempiere.pos	retain	never
org.adempiere.pos/src/main/java/ui/swing/org/adempiere/pos/POSActionMenu.java	javax.swing	java-se	org.adempiere.pos	retain	never
org.adempiere.pos/src/main/java/ui/swing/org/adempiere/pos/POSActionPanel.java	javax.swing	java-se	org.adempiere.pos	retain	never
org.adempiere.pos/src/main/java/ui/swing/org/adempiere/pos/POSApplication.java	javax.swing	java-se	org.adempiere.pos	retain	never
org.adempiere.pos/src/main/java/ui/swing/org/adempiere/pos/POSDefaultCellEditor.java	javax.swing	java-se	org.adempiere.pos	retain	never
org.adempiere.pos/src/main/java/ui/swing/org/adempiere/pos/POSDocumentPanel.java	javax.swing	java-se	org.adempiere.pos	retain	never
org.adempiere.pos/src/main/java/ui/swing/org/adempiere/pos/POSInfoProduct.java	javax.swing	java-se	org.adempiere.pos	retain	never
org.adempiere.pos/src/main/java/ui/swing/org/adempiere/pos/POSKeyPanel.java	javax.swing	java-se	org.adempiere.pos	retain	never
org.adempiere.pos/src/main/java/ui/swing/org/adempiere/pos/POSKeyboard.java	javax.swing	java-se	org.adempiere.pos	retain	never
org.adempiere.pos/src/main/java/ui/swing/org/adempiere/pos/POSLogin.java	javax.swing	java-se	org.adempiere.pos	retain	never
org.adempiere.pos/src/main/java/ui/swing/org/adempiere/pos/POSLookupListCellRenderer.java	javax.swing	java-se	org.adempiere.pos	retain	never
org.adempiere.pos/src/main/java/ui/swing/org/adempiere/pos/POSLookupProduct.java	javax.swing	java-se	org.adempiere.pos	retain	never
org.adempiere.pos/src/main/java/ui/swing/org/adempiere/pos/POSLookupTableDirCellRenderer.java	javax.swing	java-se	org.adempiere.pos	retain	never
org.adempiere.pos/src/main/java/ui/swing/org/adempiere/pos/POSOrderLinePanel.java	javax.swing	java-se	org.adempiere.pos	retain	never
org.adempiere.pos/src/main/java/ui/swing/org/adempiere/pos/POSQuantityPanel.java	javax.swing	java-se	org.adempiere.pos	retain	never
org.adempiere.pos/src/main/java/ui/swing/org/adempiere/pos/POSScalesListener.java	javax.swing	java-se	org.adempiere.pos	retain	never
org.adempiere.pos/src/main/java/ui/swing/org/adempiere/pos/POSScalesPanel.java	javax.swing	java-se	org.adempiere.pos	retain	never
org.adempiere.pos/src/main/java/ui/swing/org/adempiere/pos/POSSubPanel.java	javax.swing	java-se	org.adempiere.pos	retain	never
org.adempiere.pos/src/main/java/ui/swing/org/adempiere/pos/POSTable.java	javax.swing	java-se	org.adempiere.pos	retain	never
org.adempiere.pos/src/main/java/ui/swing/org/adempiere/pos/POSTextField.java	javax.swing	java-se	org.adempiere.pos	retain	never
org.adempiere.pos/src/main/java/ui/swing/org/adempiere/pos/POSUserPinDialog.java	javax.swing	java-se	org.adempiere.pos	retain	never
org.adempiere.pos/src/main/java/ui/swing/org/adempiere/pos/VCollect.java	javax.swing	java-se	org.adempiere.pos	retain	never
org.adempiere.pos/src/main/java/ui/swing/org/adempiere/pos/VCollectDetail.java	javax.swing	java-se	org.adempiere.pos	retain	never
org.adempiere.pos/src/main/java/ui/swing/org/adempiere/pos/VPOS.java	javax.swing	java-se	org.adempiere.pos	retain	never
org.adempiere.pos/src/main/java/ui/swing/org/adempiere/pos/grid/VPOSBPartner.java	javax.swing	java-se	org.adempiere.pos	retain	never
org.adempiere.pos/src/main/java/ui/swing/org/adempiere/pos/search/POSQuery.java	javax.swing	java-se	org.adempiere.pos	retain	never
org.adempiere.pos/src/main/java/ui/swing/org/adempiere/pos/search/QueryBPartner.java	javax.swing	java-se	org.adempiere.pos	retain	never
org.adempiere.pos/src/main/java/ui/swing/org/adempiere/pos/search/QueryDocType.java	javax.swing	java-se	org.adempiere.pos	retain	never
org.adempiere.pos/src/main/java/ui/swing/org/adempiere/pos/search/QueryOrderHistory.java	javax.swing	java-se	org.adempiere.pos	retain	never
org.adempiere.pos/src/main/java/ui/swing/org/adempiere/pos/test/POSClientSide.java	javax.swing	java-se	org.adempiere.pos	retain	never
org.adempiere.pos/src/main/java/ui/swing/org/adempiere/pos/test/POSClientWindow.java	javax.swing	java-se	org.adempiere.pos	retain	never
org.adempiere.pos/src/main/java/ui/zk/org/adempiere/pos/WCollect.java	javax.swing	java-se	org.adempiere.pos	retain	never
org.adempiere.pos/src/main/java/ui/zk/org/adempiere/pos/WCollectDetail.java	javax.swing	java-se	org.adempiere.pos	retain	never
org.adempiere.pos/src/main/java/ui/zk/org/adempiere/pos/search/WPOSQuery.java	javax.swing	java-se	org.adempiere.pos	retain	never
org.adempiere.webservice/.idea/uiDesigner.xml	javax.swing	java-se	org.adempiere.webservice	retain	never
org.adempiere.webservice/src/business/java/org/adempiere/webservice/business/DefaultADService.java	javax.swing	java-se	org.adempiere.webservice	retain	never
org.compiere.mobile/images/ImageFactory.java	javax.swing	java-se	org.compiere.mobile	retain	never
org.compiere.mobile/images/WebImageFactory.java	javax.swing	java-se	org.compiere.mobile	retain	never
org.eevolution.hr_and_payroll/src/main/java/base/org/spin/pr/process/PayrollProcessReport.java	javax.swing	java-se	org.eevolution.hr_and_payroll	retain	never
org.eevolution.hr_and_payroll/src/main/java/ui/swing/org/eevolution/form/VHRActionNotice.java	javax.swing	java-se	org.eevolution.hr_and_payroll	retain	never
org.eevolution.hr_and_payroll/src/main/java/ui/swing/org/eevolution/form/VHRPayPrint.java	javax.swing	java-se	org.eevolution.hr_and_payroll	retain	never
org.eevolution.manufacturing/src/main/java/base/it/cnr/imaa/essi/lablib/gui/checkboxtree/CheckboxTree.java	javax.swing	java-se	org.eevolution.manufacturing	retain	never
org.eevolution.manufacturing/src/main/java/base/it/cnr/imaa/essi/lablib/gui/checkboxtree/CheckboxTreeCellRenderer.java	javax.swing	java-se	org.eevolution.manufacturing	retain	never
org.eevolution.manufacturing/src/main/java/base/it/cnr/imaa/essi/lablib/gui/checkboxtree/DefaultCheckboxTreeCellRenderer.java	javax.swing	java-se	org.eevolution.manufacturing	retain	never
org.eevolution.manufacturing/src/main/java/base/it/cnr/imaa/essi/lablib/gui/checkboxtree/DefaultTreeCheckingModel.java	javax.swing	java-se	org.eevolution.manufacturing	retain	never
org.eevolution.manufacturing/src/main/java/base/it/cnr/imaa/essi/lablib/gui/checkboxtree/PropagatePreservingCheckTreeCheckingMode.java	javax.swing	java-se	org.eevolution.manufacturing	retain	never
org.eevolution.manufacturing/src/main/java/base/it/cnr/imaa/essi/lablib/gui/checkboxtree/PropagatePreservingUncheckTreeCheckingMode.java	javax.swing	java-se	org.eevolution.manufacturing	retain	never
org.eevolution.manufacturing/src/main/java/base/it/cnr/imaa/essi/lablib/gui/checkboxtree/PropagateTreeCheckingMode.java	javax.swing	java-se	org.eevolution.manufacturing	retain	never
org.eevolution.manufacturing/src/main/java/base/it/cnr/imaa/essi/lablib/gui/checkboxtree/PropagateUpWhiteTreeCheckingMode.java	javax.swing	java-se	org.eevolution.manufacturing	retain	never
org.eevolution.manufacturing/src/main/java/base/it/cnr/imaa/essi/lablib/gui/checkboxtree/QuadristateButtonModel.java	javax.swing	java-se	org.eevolution.manufacturing	retain	never
org.eevolution.manufacturing/src/main/java/base/it/cnr/imaa/essi/lablib/gui/checkboxtree/QuadristateCheckbox.java	javax.swing	java-se	org.eevolution.manufacturing	retain	never
org.eevolution.manufacturing/src/main/java/base/it/cnr/imaa/essi/lablib/gui/checkboxtree/SimpleTreeCheckingMode.java	javax.swing	java-se	org.eevolution.manufacturing	retain	never
org.eevolution.manufacturing/src/main/java/base/it/cnr/imaa/essi/lablib/gui/checkboxtree/TreeCheckingEvent.java	javax.swing	java-se	org.eevolution.manufacturing	retain	never
org.eevolution.manufacturing/src/main/java/base/it/cnr/imaa/essi/lablib/gui/checkboxtree/TreeCheckingMode.java	javax.swing	java-se	org.eevolution.manufacturing	retain	never
org.eevolution.manufacturing/src/main/java/base/it/cnr/imaa/essi/lablib/gui/checkboxtree/TreeCheckingModel.java	javax.swing	java-se	org.eevolution.manufacturing	retain	never
org.eevolution.manufacturing/src/main/java/base/org/eevolution/manufacturing/model/MPPProductBOMLine.java	javax.swing	java-se	org.eevolution.manufacturing	retain	never
org.eevolution.manufacturing/src/main/java/ui/swing/org/eevolution/form/CAbstractBOMTree.java	javax.swing	java-se	org.eevolution.manufacturing	retain	never
org.eevolution.manufacturing/src/main/java/ui/swing/org/eevolution/form/VCRPDetail.java	javax.swing	java-se	org.eevolution.manufacturing	retain	never
org.eevolution.manufacturing/src/main/java/ui/swing/org/eevolution/form/VMRPDetailed.java	javax.swing	java-se	org.eevolution.manufacturing	retain	never
org.eevolution.manufacturing/src/main/java/ui/swing/org/eevolution/form/VOrderDistributionReceipt.java	javax.swing	java-se	org.eevolution.manufacturing	retain	never
org.eevolution.manufacturing/src/main/java/ui/swing/org/eevolution/form/VOrderPlanning.java	javax.swing	java-se	org.eevolution.manufacturing	retain	never
org.eevolution.manufacturing/src/main/java/ui/swing/org/eevolution/form/VOrderReceiptIssue.java	javax.swing	java-se	org.eevolution.manufacturing	retain	never
org.eevolution.manufacturing/src/main/java/ui/swing/org/eevolution/form/VPrintDocument.java	javax.swing	java-se	org.eevolution.manufacturing	retain	never
org.eevolution.manufacturing/src/main/java/ui/swing/org/eevolution/form/VProductConfigurationBOM.java	javax.swing	java-se	org.eevolution.manufacturing	retain	never
org.eevolution.manufacturing/src/main/java/ui/swing/org/eevolution/form/VTreeBOM.java	javax.swing	java-se	org.eevolution.manufacturing	retain	never
org.eevolution.manufacturing/src/main/java/ui/swing/org/eevolution/form/action/PopupAction.java	javax.swing	java-se	org.eevolution.manufacturing	retain	never
org.eevolution.manufacturing/src/main/java/ui/swing/org/eevolution/form/action/ProcessPopupAction.java	javax.swing	java-se	org.eevolution.manufacturing	retain	never
org.eevolution.manufacturing/src/main/java/ui/swing/org/eevolution/form/action/ZoomMenuAction.java	javax.swing	java-se	org.eevolution.manufacturing	retain	never
org.eevolution.manufacturing/src/main/java/ui/swing/org/eevolution/form/bom/BOMMessenger.java	javax.swing	java-se	org.eevolution.manufacturing	retain	never
org.eevolution.manufacturing/src/main/java/ui/swing/org/eevolution/form/bom/BOMTreeCellRenderer.java	javax.swing	java-se	org.eevolution.manufacturing	retain	never
org.eevolution.manufacturing/src/main/java/ui/swing/org/eevolution/form/bom/BOMTreeFactory.java	javax.swing	java-se	org.eevolution.manufacturing	retain	never
org.eevolution.manufacturing/src/main/java/ui/swing/org/eevolution/form/bom/BOMTreeModel.java	javax.swing	java-se	org.eevolution.manufacturing	retain	never
org.eevolution.manufacturing/src/main/java/ui/swing/org/eevolution/form/bom/RadioButtonTreeCellRenderer.java	javax.swing	java-se	org.eevolution.manufacturing	retain	never
org.eevolution.manufacturing/src/main/java/ui/swing/org/eevolution/form/bom/action/ChangeASIAction.java	javax.swing	java-se	org.eevolution.manufacturing	retain	never
org.eevolution.manufacturing/src/main/java/ui/swing/org/eevolution/form/bom/action/CreateRfQAction.java	javax.swing	java-se	org.eevolution.manufacturing	retain	never
org.eevolution.manufacturing/src/main/java/ui/swing/org/eevolution/form/bom/action/DeleteBOMAction.java	javax.swing	java-se	org.eevolution.manufacturing	retain	never
org.eevolution.manufacturing/src/main/java/ui/swing/org/eevolution/form/bom/action/MergeBOMAction.java	javax.swing	java-se	org.eevolution.manufacturing	retain	never
org.eevolution.manufacturing/src/main/java/ui/swing/org/eevolution/form/crp/CRPDatasetFactory.java	javax.swing	java-se	org.eevolution.manufacturing	retain	never
org.eevolution.manufacturing/src/main/java/ui/swing/org/eevolution/form/crp/CRPModel.java	javax.swing	java-se	org.eevolution.manufacturing	retain	never
org.eevolution.manufacturing/src/main/java/ui/swing/org/eevolution/form/crp/DiagramTreeCellRenderer.java	javax.swing	java-se	org.eevolution.manufacturing	retain	never
org.eevolution.manufacturing/src/main/java/ui/swing/org/eevolution/form/tree/CachableTreeCellRenderer.java	javax.swing	java-se	org.eevolution.manufacturing	retain	never
org.eevolution.manufacturing/src/main/java/ui/swing/org/eevolution/form/tree/MapTreeCellRenderer.java	javax.swing	java-se	org.eevolution.manufacturing	retain	never
org.eevolution.manufacturing/src/main/java/ui/swing/org/eevolution/tools/swing/AbstractLimiterPlainDocument.java	javax.swing	java-se	org.eevolution.manufacturing	retain	never
org.eevolution.manufacturing/src/main/java/ui/swing/org/eevolution/tools/swing/SwingTool.java	javax.swing	java-se	org.eevolution.manufacturing	retain	never
serverApps/src/main/servlet/org/compiere/wstore/BasketServlet.java	javax.swing	java-se	serverApps	retain	never
serverApps/src/main/servlet/org/compiere/www/WMenu.java	javax.swing	java-se	serverApps	retain	never
serverApps/src/web/images/ImageFactory.java	javax.swing	java-se	serverApps	retain	never
serverApps/src/web/images/WebImageFactory.java	javax.swing	java-se	serverApps	retain	never
zkwebui/WEB-INF/src/org/adempiere/webui/apps/wf/WWFIcon.java	javax.swing	java-se	zkwebui	retain	never
zkwebui/WEB-INF/src/org/adempiere/webui/component/GridPanel.java	javax.swing	java-se	zkwebui	retain	never
zkwebui/WEB-INF/src/org/adempiere/webui/component/GridTableListModel.java	javax.swing	java-se	zkwebui	retain	never
zkwebui/WEB-INF/src/org/adempiere/webui/component/ListPanel.java	javax.swing	java-se	zkwebui	retain	never
zkwebui/WEB-INF/src/org/adempiere/webui/component/SimpleTreeModel.java	javax.swing	java-se	zkwebui	retain	never
zkwebui/WEB-INF/src/org/adempiere/webui/editor/WTableDirEditor.java	javax.swing	java-se	zkwebui	retain	never
JasperReports/src/org/compiere/jr/report/ReportStarter.java	javax.print	java-se	JasperReports	retain	never
base/src/org/adempiere/print/export/PrintDataExcelExporter.java	javax.print	java-se	base	retain	never
base/src/org/compiere/print/CPaper.java	javax.print	java-se	base	retain	never
base/src/org/compiere/print/MPrintPaper.java	javax.print	java-se	base	retain	never
base/src/org/compiere/print/PrintUtil.java	javax.print	java-se	base	retain	never
base/src/org/compiere/print/ReportEngine.java	javax.print	java-se	base	retain	never
base/src/org/compiere/print/layout/LayoutEngine.java	javax.print	java-se	base	retain	never
base/src/org/compiere/util/Language.java	javax.print	java-se	base	retain	never
base/src/org/spin/util/ExportFormatPS.java	javax.print	java-se	base	retain	never
base/src/org/spin/util/PrinterUtil.java	javax.print	java-se	base	retain	never
client/src/org/compiere/print/CPrinter.java	javax.print	java-se	client	retain	never
data/bg_BG/AD_Element_Trl_bg_BG.xml	javax.print	java-se	data	retain	never
data/de_DE/AD_Element_Trl_de_DE.xml	javax.print	java-se	data	retain	never
data/en_GB/AD_Element_Trl_en_GB.xml	javax.print	java-se	data	retain	never
data/en_US/AD_Element_Trl_en_US.xml	javax.print	java-se	data	retain	never
data/es_MX/AD_Element_Trl_es_MX.xml	javax.print	java-se	data	retain	never
data/fr_FR/AD_Element_Trl_fr_FR.xml	javax.print	java-se	data	retain	never
data/hu_HU/AD_Element_Trl_hu_HU.xml	javax.print	java-se	data	retain	never
data/in_ID/AD_Element_Trl_in_ID.xml	javax.print	java-se	data	retain	never
data/it_IT/AD_Element_Trl_it_IT.xml	javax.print	java-se	data	retain	never
data/ja_JP/AD_Element_Trl_ja_JP.xml	javax.print	java-se	data	retain	never
data/pt_BR/AD_Element_Trl_pt_BR.xml	javax.print	java-se	data	retain	never
data/ro_RO/AD_Element_Trl_ro_RO.xml	javax.print	java-se	data	retain	never
data/ru_RU/AD_Element_Trl_ru_RU.xml	javax.print	java-se	data	retain	never
data/sr_RS/AD_Element_Trl_sr_RS.xml	javax.print	java-se	data	retain	never
data/th_TH/AD_Element_Trl_th_TH.xml	javax.print	java-se	data	retain	never
db/ddlutils/adempiere-data.xml	javax.print	java-se	db	retain	never
db/ddlutils/data/AD_COLUMN.xml	javax.print	java-se	db	retain	never
db/ddlutils/data/AD_ELEMENT.xml	javax.print	java-se	db	retain	never
db/ddlutils/data/AD_ELEMENT_TRL.xml	javax.print	java-se	db	retain	never
db/ddlutils/data/AD_FIELD.xml	javax.print	java-se	db	retain	never
db/ddlutils/data/AD_FIELD_TRL.xml	javax.print	java-se	db	retain	never
org.adempiere.pos/src/main/java/ui/swing/org/adempiere/pos/test/POSClientSide.java	javax.print	java-se	org.adempiere.pos	retain	never
org.adempiere.pos/src/main/java/ui/swing/org/adempiere/pos/test/POSClientWindow.java	javax.print	java-se	org.adempiere.pos	retain	never
base/src/org/compiere/db/AdempiereDatabase.java	javax.sql	java-se	base	retain	never
base/src/org/compiere/db/CConnection.java	javax.sql	java-se	base	retain	never
base/src/org/compiere/db/DB_MariaDB.java	javax.sql	java-se	base	retain	never
base/src/org/compiere/db/DB_MySQL.java	javax.sql	java-se	base	retain	never
base/src/org/compiere/db/DB_Oracle.java	javax.sql	java-se	base	retain	never
base/src/org/compiere/db/DB_PostgreSQL.java	javax.sql	java-se	base	retain	never
base/src/org/compiere/db/PreparedStatementProxy.java	javax.sql	java-se	base	retain	never
base/src/org/compiere/db/StatementProxy.java	javax.sql	java-se	base	retain	never
base/src/org/compiere/model/MTree.java	javax.sql	java-se	base	retain	never
base/src/org/compiere/print/MPrintFormat.java	javax.sql	java-se	base	retain	never
base/src/org/compiere/process/RemoteMergeDataVO.java	javax.sql	java-se	base	retain	never
base/src/org/compiere/process/RemoteSetupVO.java	javax.sql	java-se	base	retain	never
base/src/org/compiere/process/RemoteUpdateVO.java	javax.sql	java-se	base	retain	never
base/src/org/compiere/process/ReplicationLocal.java	javax.sql	java-se	base	retain	never
base/src/org/compiere/process/ReplicationRemote.java	javax.sql	java-se	base	retain	never
base/src/org/compiere/process/RollUpCosts.java	javax.sql	java-se	base	retain	never
base/src/org/compiere/util/CCachedRowSet.java	javax.sql	java-se	base	retain	never
base/src/org/compiere/util/CStatement.java	javax.sql	java-se	base	retain	never
base/src/org/compiere/util/DB.java	javax.sql	java-se	base	retain	never
client/src/org/compiere/print/AReport.java	javax.sql	java-se	client	retain	never
install/Adempiere/build.xml	javax.sql	java-se	install	retain	never
lib/context.xml	javax.sql	java-se	lib	retain	never
org.adempiere.webservice/WEB-INF/web.xml	javax.sql	java-se	org.adempiere.webservice	retain	never
org.compiere.mobile/WEB-INF/web.xml	javax.sql	java-se	org.compiere.mobile	retain	never
serverApps/src/web/WEB-INF/web.xml	javax.sql	java-se	serverApps	retain	never
serverRoot/src/main/servlet/org/compiere/web/StatusInfo.java	javax.sql	java-se	serverRoot	retain	never
serverRoot/src/web/WEB-INF/web.xml	javax.sql	java-se	serverRoot	retain	never
webCM/src/web/WEB-INF/web.xml	javax.sql	java-se	webCM	retain	never
webStore/src/web/WEB-INF/web.xml	javax.sql	java-se	webStore	retain	never
zkwebui/WEB-INF/jboss-web.xml	javax.sql	java-se	zkwebui	retain	never
zkwebui/WEB-INF/src/org/adempiere/webui/apps/WReport.java	javax.sql	java-se	zkwebui	retain	never
zkwebui/WEB-INF/web.xml	javax.sql	java-se	zkwebui	retain	never
JasperReports/src/org/compiere/jr/report/ReportStarter.java	javax.naming	java-se	JasperReports	retain	never
JasperReportsWebApp/src/org/compiere/utils/MD5EjbTest.java	javax.naming	java-se	JasperReportsWebApp	retain	never
JasperReportsWebApp/src/org/compiere/web/GetMD5FileServlet.java	javax.naming	java-se	JasperReportsWebApp	retain	never
base/src/org/adempiere/process/rpl/exp/MultiplePublisher.java	javax.naming	java-se	base	retain	never
base/src/org/compiere/db/CConnection.java	javax.naming	java-se	base	retain	never
base/src/org/compiere/db/DB_MariaDB.java	javax.naming	java-se	base	retain	never
base/src/org/compiere/db/DB_MySQL.java	javax.naming	java-se	base	retain	never
base/src/org/compiere/db/DB_Oracle.java	javax.naming	java-se	base	retain	never
base/src/org/compiere/db/DB_PostgreSQL.java	javax.naming	java-se	base	retain	never
base/src/org/compiere/db/LDAP.java	javax.naming	java-se	base	retain	never
base/src/org/compiere/db/TestEJB.java	javax.naming	java-se	base	retain	never
base/src/org/compiere/util/ConnectTest.java	javax.naming	java-se	base	retain	never
base/src/org/compiere/util/Ini.java	javax.naming	java-se	base	retain	never
glassfishfacet/src/org/adempiere/as/glassfish/GlassFish.java	javax.naming	java-se	glassfishfacet	retain	never
jbossfacet/src/org/adempiere/as/jboss/JBoss.java	javax.naming	java-se	jbossfacet	retain	never
serverRoot/src/main/server/org/compiere/ldap/LdapConnectionHandler.java	javax.naming	java-se	serverRoot	retain	never
serverRoot/src/main/servlet/org/compiere/web/StatusInfo.java	javax.naming	java-se	serverRoot	retain	never
base/src/org/compiere/util/Secure.java	javax.crypto	java-se	base	retain	never
base/src/org/compiere/model/MImage.java	javax.imageio	java-se	base	retain	never
base/src/org/compiere/print/layout/ImageElement.java	javax.imageio	java-se	base	retain	never
client/src/org/compiere/apps/ScreenShot.java	javax.imageio	java-se	client	retain	never
client/src/org/compiere/plaf/CompiereUtils.java	javax.imageio	java-se	client	retain	never
org.adempiere.pos/src/main/java/ui/swing/org/adempiere/pos/POSInfoProduct.java	javax.imageio	java-se	org.adempiere.pos	retain	never
org.eevolution.manufacturing/src/main/java/ui/zk/org/eevolution/form/WWFPanelManufacturing.java	javax.imageio	java-se	org.eevolution.manufacturing	retain	never
zkwebui/WEB-INF/src/org/adempiere/webui/apps/wf/WFEditor.java	javax.imageio	java-se	zkwebui	retain	never
zkwebui/WEB-INF/src/org/adempiere/webui/apps/wf/WFPanel.java	javax.imageio	java-se	zkwebui	retain	never
gradle/phase5/legacy-web-artifact.gradle	org.zkoss.zkex	zk-commercial	gradle	recorded-in-contract	5d
gradle/phase5/namespace-ownership.tsv	org.zkoss.zkex	zk-commercial	gradle	recorded-in-contract	5d
gradle/phase5/zk-compile-closure.gradle	org.zkoss.zkex	zk-commercial	gradle	recorded-in-contract	5d
gradle/phase5/zk-functional-slice.gradle	org.zkoss.zkex	zk-commercial	gradle	recorded-in-contract	5d
gradle/phase5/zk-namespace-replacements.tsv	org.zkoss.zkex	zk-commercial	gradle	recorded-in-contract	5d
zkwebui/WEB-INF/zk.xml	org.zkoss.zkex	zk-commercial	zkwebui	frozen-legacy-artifact	5h
gradle/phase5/legacy-web-artifact.gradle	org.zkoss.zkmax	zk-commercial	gradle	recorded-in-contract	5d
gradle/phase5/namespace-ownership.tsv	org.zkoss.zkmax	zk-commercial	gradle	recorded-in-contract	5d
gradle/phase5/zk-compile-closure.gradle	org.zkoss.zkmax	zk-commercial	gradle	recorded-in-contract	5d
gradle/phase5/zk-functional-slice.gradle	org.zkoss.zkmax	zk-commercial	gradle	recorded-in-contract	5d
gradle/phase5/zk-namespace-replacements.tsv	org.zkoss.zkmax	zk-commercial	gradle	recorded-in-contract	5d
gradle/phase5/zk-source-moves.tsv	org.zkoss.zkmax	zk-commercial	gradle	recorded-in-contract	5d
zkwebui/WEB-INF/zk.xml	org.zkoss.zkmax	zk-commercial	zkwebui	frozen-legacy-artifact	5h
zkwebui/src/phase5d/webapp/WEB-INF/zk.xml	org.zkoss.zkmax	zk-commercial	zkwebui	replaced-ce-equivalent	5d
gradle/phase5/legacy-web-artifact.gradle	org.zkforge	zk3-addon	gradle	recorded-in-contract	5d
gradle/phase5/namespace-ownership.tsv	org.zkforge	zk3-addon	gradle	recorded-in-contract	5d
gradle/phase5/zk-compile-closure.gradle	org.zkforge	zk3-addon	gradle	recorded-in-contract	5d
gradle/phase5/zk-functional-slice.gradle	org.zkforge	zk3-addon	gradle	recorded-in-contract	5d
gradle/phase5/zk-namespace-replacements.tsv	org.zkforge	zk3-addon	gradle	recorded-in-contract	5d
zkwebui/build.gradle	org.zkforge	zk3-addon	zkwebui	replaced-ce-equivalent	5d
gradle/phase5/legacy-web-artifact.gradle	org.zkoss.zul.api	zk3-removed-api	gradle	recorded-in-contract	5d
gradle/phase5/namespace-ownership.tsv	org.zkoss.zul.api	zk3-removed-api	gradle	recorded-in-contract	5d
gradle/phase5/zk-compile-closure.gradle	org.zkoss.zul.api	zk3-removed-api	gradle	recorded-in-contract	5d
gradle/phase5/zk-namespace-replacements.tsv	org.zkoss.zul.api	zk3-removed-api	gradle	recorded-in-contract	5d
gradle/phase5/namespace-ownership.tsv	org.zkoss.zul.SimpleTreeModel	zk3-removed-api	gradle	recorded-in-contract	5d
gradle/phase5/zk-compile-closure.gradle	org.zkoss.zul.SimpleTreeModel	zk3-removed-api	gradle	recorded-in-contract	5d
gradle/phase5/zk-namespace-replacements.tsv	org.zkoss.zul.SimpleTreeModel	zk3-removed-api	gradle	recorded-in-contract	5d
gradle/phase5/legacy-web-artifact.gradle	org.zkoss.zul.SimpleTreeNode	zk3-removed-api	gradle	recorded-in-contract	5d
gradle/phase5/namespace-ownership.tsv	org.zkoss.zul.SimpleTreeNode	zk3-removed-api	gradle	recorded-in-contract	5d
gradle/phase5/zk-compile-closure.gradle	org.zkoss.zul.SimpleTreeNode	zk3-removed-api	gradle	recorded-in-contract	5d
gradle/phase5/zk-namespace-replacements.tsv	org.zkoss.zul.SimpleTreeNode	zk3-removed-api	gradle	recorded-in-contract	5d
gradle/phase5/legacy-web-artifact.gradle	org.zkoss.zul.ListModelExt	zk3-removed-api	gradle	recorded-in-contract	5d
gradle/phase5/namespace-ownership.tsv	org.zkoss.zul.ListModelExt	zk3-removed-api	gradle	recorded-in-contract	5d
gradle/phase5/zk-compile-closure.gradle	org.zkoss.zul.ListModelExt	zk3-removed-api	gradle	recorded-in-contract	5d
gradle/phase5/zk-namespace-replacements.tsv	org.zkoss.zul.ListModelExt	zk3-removed-api	gradle	recorded-in-contract	5d
gradle/phase5/namespace-ownership.tsv	org.zkoss.zk.ui.render	zk3-removed-api	gradle	recorded-in-contract	5d
gradle/phase5/zk-compile-closure.gradle	org.zkoss.zk.ui.render	zk3-removed-api	gradle	recorded-in-contract	5d
gradle/phase5/zk-namespace-replacements.tsv	org.zkoss.zk.ui.render	zk3-removed-api	gradle	recorded-in-contract	5d
zkwebui/WEB-INF/src/org/adempiere/webui/compat/Portallayout.java	org.zkoss.zkex	replacement	zkwebui	replaced-adempiere-owned	5d
zkwebui/WEB-INF/src/org/adempiere/webui/compat/Portalchildren.java	org.zkoss.zkex	replacement	zkwebui	replaced-adempiere-owned	5d
zkwebui/WEB-INF/src/org/adempiere/webui/compat/HtmlEditor.java	org.zkoss.zkex	replacement	zkwebui	replaced-adempiere-owned	5d
zkwebui/WEB-INF/src/org/adempiere/webui/compat/AuRequests.java	org.zkoss.zkmax	replacement	zkwebui	replaced-adempiere-owned	5d
zkwebui/src/phase5d/webapp/WEB-INF/zk.xml	org.zkoss.zkmax	replacement	zkwebui	replaced-adempiere-owned	5d
zkwebui/WEB-INF/src/org/adempiere/webui/component/Keylistener.java	org.zkforge	replacement	zkwebui	replaced-adempiere-owned	5d
zkwebui/WEB-INF/src/org/adempiere/webui/compat/timeline/Timeline.java	org.zkforge	replacement	zkwebui	replaced-adempiere-owned	5f
zkwebui/WEB-INF/src/org/adempiere/webui/compat/timeline/Bandinfo.java	org.zkforge	replacement	zkwebui	replaced-adempiere-owned	5f
zkwebui/WEB-INF/src/org/adempiere/webui/compat/timeline/BandScrollEvent.java	org.zkforge	replacement	zkwebui	replaced-adempiere-owned	5f
zkwebui/WEB-INF/src/org/adempiere/webui/compat/timeline/TimelineUtil.java	org.zkforge	replacement	zkwebui	replaced-adempiere-owned	5f
zkwebui/WEB-INF/src/org/adempiere/webui/compat/SimpleTreeModel.java	org.zkoss.zul.SimpleTreeModel	replacement	zkwebui	replaced-adempiere-owned	5d
zkwebui/WEB-INF/src/org/adempiere/webui/compat/SimpleTreeNode.java	org.zkoss.zul.SimpleTreeNode	replacement	zkwebui	replaced-adempiere-owned	5d
zkwebui/WEB-INF/src/org/adempiere/webui/compat/ListModelExt.java	org.zkoss.zul.ListModelExt	replacement	zkwebui	replaced-adempiere-owned	5d
zkwebui/WEB-INF/src/org/adempiere/webui/compat/Combobox2Default.java	org.zkoss.zul.api	replacement	zkwebui	replaced-adempiere-owned	5d
zkwebui/WEB-INF/src/org/adempiere/webui/compat/ZkCompat.java	org.zkoss.zk.ui.render	replacement	zkwebui	replaced-adempiere-owned	5d
