# path	specification_version	sha512	disposition	closing_gate
zkwebui/WEB-INF/lib/Filters.jar	unknown	5a5ad9108adf6532e7626ecec573f460a3874208a513fbb217a28d995d3c7c21e80b3f8516e716a144390326092701045a5beaa734a56e87c7624ca52d6fd97c	replace-or-provenance-review	5d
zkwebui/WEB-INF/lib/asm.jar	2.2.3	4250f418d0416e5c194ed7f0e32391040d27630d30796dc95702c27a949b33494e64cb0bca80e519ec4f46be86cbb942c8f54b3df24c9b6fae0d5a7b550b2c8a	replace-or-provenance-review	5d
zkwebui/WEB-INF/lib/bsh.jar	2.0b4	29ce6d2640e5806b4ba83c67a6e0bada52a572fff9055c7af14ff0ab24a705549850c537ee3273f90252a5c2ae386d46276b4f341925364e407ce165bd29d662	replace-or-provenance-review	5d
zkwebui/WEB-INF/lib/commons-el.jar	2.0	006bb34a74baf740a9ab2b1218dbdbacdebf7ef8f9d756b69b3936257bd2d2977b0d7f8920377f04805298965246cd813bea6344557f76d77e9c0dc0fff91a5e	replace-or-provenance-review	5d
zkwebui/WEB-INF/lib/commons-fileupload.jar	1.2.1	cb63335809b1c5299e805459b65b69022944d1326953ab8db50c9d5114a7ba8b4fc414710acb24d92e2bce1ccbc7d0f85e6c341592159da6c54e96b73159e297	replace-or-provenance-review	5d
zkwebui/WEB-INF/lib/commons-io.jar	1.3.1	fbefc32530253cc3fe5638da036a85567cdce9c9f748522725f58b349b07a37b474e16cec329b333b7f720e3c385a2ff7024d51d0a93bc26d201726f559e42f1	replace-or-provenance-review	5d
zkwebui/WEB-INF/lib/fckez.jar	2.6.1_2	43a2d34cae6ccc80349c60696c43133e63f2b5103328d58e600f24b23d21b22db5e375a45a923c46ce23a5cfd1ca43242eda0729b11773ac0a4f9e71ba2abfed	replace-or-provenance-review	5d
zkwebui/WEB-INF/lib/gmapsz.jar	2.0_12	ea265676d78c2a2da7b5289888ac86ce2e7d722892251599bd44f3d07407ddfd36800ac7ee39cc717bac8f0b155f3a1942386f36f0b4a0a1a2e03c5c00dff33d	replace-or-provenance-review	5d
zkwebui/WEB-INF/lib/jruby.jar	unknown	f74ef51a85f6e6ded17c0c64b731fca98cab80453e4ef72afcb988d704713ea2b6ef2a8feef63de8beb21769027c38d19c8d1fc775f65c8c5cd4dad979ed9c91	replace-or-provenance-review	5d
zkwebui/WEB-INF/lib/js.jar	unknown	1460df312f5acc509536c1d31adbeb6b2ba9a615240981b6ddbcb0c20a5bc2e4281c0a79060573cfceb4ee9cd1613dd30c27afd20ba8c7aabd2bb51a26806e75	replace-or-provenance-review	5d
zkwebui/WEB-INF/lib/json_simple.jar	unknown	7b97acf22ae82332660482602cdb18ae428d83289f2c6cb07ed11ec8d66babcdf7c18b6d2a23913f5d4a0a0926c50ac782267874b818310cfb40bef0cd9735ee	replace-or-provenance-review	5d
zkwebui/WEB-INF/lib/jxl.jar	unknown	62e4eb8dbe7e04be8dbd1d3a5dcc1635912df6d4604e7dfaa2d53b7b2096273e64ba4c87c6b38e5241fc78b1945f705414f834e82bc27642627cf61fa602b4fe	replace-or-provenance-review	5d
zkwebui/WEB-INF/lib/jython.jar	unknown	b7b035a0e5f4612f4a56d1beea72d7430989be143adb6177fc19ca19e3f6450e8cf9c283a9f878974a8b7665f64c7469977f9c5db020f988e27f38959810b927	replace-or-provenance-review	5d
zkwebui/WEB-INF/lib/keylistener.jar	unknown	c085fff8b4793ebbe71e88dfdecd29e2f80b6274b3406ce599b8980371029b9721381d731a6ed0bac546097f2ad2f777791aa2b4cdc2f50e42f0fa90ed8149b1	replace-or-provenance-review	5d
zkwebui/WEB-INF/lib/mvel.jar	1.2.21	1ae308dde4cf8d0de9541ba4e3e85c164db62aa8a68fda8f5c510cbc9020b32cbbde8241bf29e48867d7d18eee2aa9f154b5d064b3044c5cf7a1a1b6872b0ab9	replace-or-provenance-review	5d
zkwebui/WEB-INF/lib/ognl.jar	2.6.9	16478a5ea9d365637eff4c1eb11881cb076217eb3f0197ab5c9369591b8fb7f78452eba36d5083f1235b49ed2cae6d4cd2ad3d3f75a799a8ef29e38fe3d01eda	replace-or-provenance-review	5d
zkwebui/WEB-INF/lib/timelinez-sources.jar	unknown	12a51c0d1ec6a1f016f0304fa26dfcf8135e8ac6fc58cda2cccccd3b48c6056f7f411ccf111c567acc9ba66ab53364aa0a28de40b6049449ebb40c87290f9b3c	replace-or-provenance-review	5d
zkwebui/WEB-INF/lib/timelinez.jar	1.0	08d8aa36249f6915c735a7186f6284e8e5f9b761ef3d2fbb0e9b8a2586e04b645143d90caa057904310bf950367ce82d251550e9d57f891fadece23fbd64719c	replace-or-provenance-review	5d
zkwebui/WEB-INF/lib/timeplotz.jar	1.0	d500c65ce1f969370298122742f8ee9e1da5a4ebab0738f4d29f4b15f52980bf4a62d3dbb63edf92791a14ccbd26221b7cda731a35cd960517e90b5a0386c696	replace-or-provenance-review	5d
zkwebui/WEB-INF/lib/xercesImpl.jar	2.7.1	1dd96a4c1d9808fbb8cb9946e815b2541bd6515148678de356b4a5e12d39777bbdd47a935e2edcf95dd17c630a939d33316f5ad619ca6f6b1198a7f0ddfc6cf7	replace-or-provenance-review	5d
zkwebui/WEB-INF/lib/zcommon-sources.jar	unknown	58eaa5ffff0c2b47df0a7e62bacc002fed49d6e9cd77ae0d7d2831807fbfddf6773ce22fa0ccdca419378780ebb703d2908a71e5247e3ee4d183e4b0dd7ee329	replace-or-provenance-review	5d
zkwebui/WEB-INF/lib/zcommon.jar	3.6.3	a077de2081e488199a750a1a8716a5a9581bd7f1b768ff462b39d1920fc690e5168f91877710d5e00fd474f9a3afcaaabe5c65e8a8fc718eb97d559c302a4b15	replace-or-provenance-review	5d
zkwebui/WEB-INF/lib/zcommons-el.jar	1.0	560667b8a921da16f2be9da2f32877707304cdfead03cd518291e13eea07dfd8828088f0efe88c4dc37b11e3fa92411fe790a6e8e2731887ff2724b2785319c6	replace-or-provenance-review	5d
zkwebui/WEB-INF/lib/zhtml-sources.jar	unknown	4eed51dcb23f0f250f2acdb9ef32fbe432a15c10b3c9421bc25f2106b59629c2bda8a016c4fe11e00b5ce570f0d265515eee82cbaec8a7bf10a7d9cf8124cc9e	replace-or-provenance-review	5d
zkwebui/WEB-INF/lib/zhtml.jar	3.6.3	eb953f8924bba40a68bbf3cf6a6312b0534603b16adf518b3b905d2cbb675c9653f8334c534d4d00e6b94e076f1aac7e167a121cdb0a8b8d1b9821348013e3e7	replace-or-provenance-review	5d
zkwebui/WEB-INF/lib/zk-sources.jar	unknown	392b2e629606291df02b17658ccb84c0249545bc571facbb2a19f82b822f1030c15643f7f1b2150b5dbf1921c2d688d5c33fbe40ad058f6e0cafb932a61fc60f	replace-or-provenance-review	5d
zkwebui/WEB-INF/lib/zk.jar	3.6.3	d7bfab5e9034915f5b7b815e64b1893666aabaa51ecdfc1a0a38493127b7c4e5231f167c8e8727f8eea2cc5c7cb600bde7677ab3e9b0c4f57711b257198f42d4	replace-or-provenance-review	5d
zkwebui/WEB-INF/lib/zkex-sources.jar	unknown	f413bffeed59e1349620900bdea880d0f4b395ff740887bd4d0c99fba5a69a06e5f6f233afca385958754dce0df93045e45c9941877f92adb7b2ead7a79d7554	replace-or-provenance-review	5d
zkwebui/WEB-INF/lib/zkex.jar	3.6.3	e2af0755980ec641d08787e9a2511ad13f2628b9ebe8bc405649a2b151eaf22401abc9b0277a5ec5b8e5c345007da946769e2663f5afd33ebf1630104a6e26ae	replace-or-provenance-review	5d
zkwebui/WEB-INF/lib/zkmax-sources.jar	unknown	6e2bb11dd1b7b9639924aae38c0ecf8c0ba824fc375f448e2a3f245fed61d28a5b3f62f3301906a30ff7d2fa69dc9eba7f23f7ff13abbba2d17e09ff9e655a44	replace-or-provenance-review	5d
zkwebui/WEB-INF/lib/zkmax.jar	3.6.3	ab2f3bdfc8d1db097ebd366358f9f8592f5a87b9cf7493abd2e8a3f88812e2136a55fa34e4cbc665d19bd5d41b73d8b4eba26457388602b16533bcf7d52ef0f9	replace-or-provenance-review	5d
zkwebui/WEB-INF/lib/zkplus-sources.jar	unknown	b5513b3a26ff354c6b89c0873860a54612088c9f63822f796dca57d32fb5aab09cc224d54c6f177f584ec28ab1a20b916ffeaee9378beb404fce21c27057f5ad	replace-or-provenance-review	5d
zkwebui/WEB-INF/lib/zkplus.jar	3.6.3	c28f5635098cc5699003e0f31053cfa2d2981fd753551bc6d072e3d6410721c929e363c190deed0f3e0e9d57c264bb4dabbb997743629959266c612b739bd7eb	replace-or-provenance-review	5d
zkwebui/WEB-INF/lib/zml-sources.jar	unknown	a2fd8b096a572bc95003028d7bb4bf2d00b60ac4c5ae3430f9b22e54cdcadbee6b3ca42db78dbbf7f7528d706b6ffc22ec89c7ab114954dbc5d72b85e7ebcc3c	replace-or-provenance-review	5d
zkwebui/WEB-INF/lib/zml.jar	3.6.3	3e99147186a5fd43a3b05e833dd799fa90e600d5ea8271b0bbb4b68b51531b77a709604e8a3689b83dffb0d6fc2ecd7b8edcc4a387ac1da831e0a1d83494e6df	replace-or-provenance-review	5d
zkwebui/WEB-INF/lib/zul-sources.jar	unknown	070bbf97329da57bc91f90f4a7958796f41089fced6816a06f76c965508babdc6eda121eabd013726bc8e713a64514876071e192dec860743d13617e36ba4e7c	replace-or-provenance-review	5d
zkwebui/WEB-INF/lib/zul.jar	3.6.3	2f39facc73cc1115c7043284701d843f19f03c761565f8b2d05412d0e3693d5b6ee3c54498ed79385c756cc4c6fba3ff92e7943468242a06f0806b8090fd75c9	replace-or-provenance-review	5d
zkwebui/WEB-INF/lib/zweb-sources.jar	unknown	6e5744e5aed6251129f8eebc2f9007810f92a16aa9bfdaeb4b5ed50907395524da6536a8ae03d69e89248f0cc6a93f8f7387d8dae318ddb2365d6a1005f7e370	replace-or-provenance-review	5d
zkwebui/WEB-INF/lib/zweb.jar	3.6.3	ee4525bcb8b632fe9a8c348ae2faf1482bd51d3ffc0cef3faff2f38546de395c3b54bb2ba7be26fb9bc9a0ee8b6859f98d3b141f20eea12d249fbc758fb77c51	replace-or-provenance-review	5d
