# path	owner	reference_count	api_families	compile_gate	behavior_gate	disposition
base/src/org/adempiere/pipo/PackOut.java	base	1	ce-core	5d	5g	migrate-source
base/src/org/compiere/process/MigrationToXML.java	base	1	ce-core	5d	5g	migrate-source
org.adempiere.cohort/src/bridge/java/org/adempiere/web/bridge/CohortDecisionInterceptor.java	org.adempiere.cohort	5	ce-core	5e	5h	frozen-zk36-bridge
org.adempiere.pos/src/main/java/ui/zk/org/adempiere/pos/POSNumberBox.java	org.adempiere.pos	10	ce-core	5d	5g	migrate-source
org.adempiere.pos/src/main/java/ui/zk/org/adempiere/pos/WCollect.java	org.adempiere.pos	6	ce-core	5d	5g	migrate-source
org.adempiere.pos/src/main/java/ui/zk/org/adempiere/pos/WCollectDetail.java	org.adempiere.pos	9	ce-core	5d	5g	migrate-source
org.adempiere.pos/src/main/java/ui/zk/org/adempiere/pos/WPOS.java	org.adempiere.pos	9	ce-core	5d	5g	migrate-source
org.adempiere.pos/src/main/java/ui/zk/org/adempiere/pos/WPOSActionMenu.java	org.adempiere.pos	5	ce-core	5d	5g	migrate-source
org.adempiere.pos/src/main/java/ui/zk/org/adempiere/pos/WPOSActionPanel.java	org.adempiere.pos	4	ce-core	5d	5g	migrate-source
org.adempiere.pos/src/main/java/ui/zk/org/adempiere/pos/WPOSDocumentPanel.java	org.adempiere.pos	5	ce-core	5d	5g	migrate-source
org.adempiere.pos/src/main/java/ui/zk/org/adempiere/pos/WPOSInfoProduct.java	org.adempiere.pos	6	ce-core	5d	5g	migrate-source
org.adempiere.pos/src/main/java/ui/zk/org/adempiere/pos/WPOSKeyPanel.java	org.adempiere.pos	6	ce-core	5d	5g	migrate-source
org.adempiere.pos/src/main/java/ui/zk/org/adempiere/pos/WPOSKeyboard.java	org.adempiere.pos	7	ce-core	5d	5g	migrate-source
org.adempiere.pos/src/main/java/ui/zk/org/adempiere/pos/WPOSLookupProduct.java	org.adempiere.pos	6	ce-core	5d	5g	migrate-source
org.adempiere.pos/src/main/java/ui/zk/org/adempiere/pos/WPOSOrderLinePanel.java	org.adempiere.pos	3	ce-core	5d	5g	migrate-source
org.adempiere.pos/src/main/java/ui/zk/org/adempiere/pos/WPOSQuantityPanel.java	org.adempiere.pos	3	ce-core	5d	5g	migrate-source
org.adempiere.pos/src/main/java/ui/zk/org/adempiere/pos/WPOSScalesListener.java	org.adempiere.pos	4	ce-core	5d	5g	migrate-source
org.adempiere.pos/src/main/java/ui/zk/org/adempiere/pos/WPOSSubPanel.java	org.adempiere.pos	1	ce-core	5d	5g	migrate-source
org.adempiere.pos/src/main/java/ui/zk/org/adempiere/pos/WPOSTextField.java	org.adempiere.pos	6	ce-core	5d	5g	migrate-source
org.adempiere.pos/src/main/java/ui/zk/org/adempiere/pos/WPOSUserPinDialog.java	org.adempiere.pos	4	ce-core	5d	5g	migrate-source
org.adempiere.pos/src/main/java/ui/zk/org/adempiere/pos/WPOSUserPinListener.java	org.adempiere.pos	4	ce-core	5d	5g	migrate-source
org.adempiere.pos/src/main/java/ui/zk/org/adempiere/pos/grid/WPOSBPartner.java	org.adempiere.pos	6	ce-core	5d	5g	migrate-source
org.adempiere.pos/src/main/java/ui/zk/org/adempiere/pos/search/WPOSQuery.java	org.adempiere.pos	2	ce-core	5d	5g	migrate-source
org.adempiere.pos/src/main/java/ui/zk/org/adempiere/pos/search/WQueryBPartner.java	org.adempiere.pos	6	ce-core	5d	5g	migrate-source
org.adempiere.pos/src/main/java/ui/zk/org/adempiere/pos/search/WQueryDocType.java	org.adempiere.pos	6	ce-core	5d	5g	migrate-source
org.adempiere.pos/src/main/java/ui/zk/org/adempiere/pos/search/WQueryOrderHistory.java	org.adempiere.pos	6	ce-core	5d	5g	migrate-source
org.eevolution.hr_and_payroll/src/main/java/ui/zk/org/eevolution/form/WHRActionNotice.java	org.eevolution.hr_and_payroll	8	ce-core	5d	5g	migrate-source
org.eevolution.hr_and_payroll/src/main/java/ui/zk/org/eevolution/form/WHRPayPrint.java	org.eevolution.hr_and_payroll	6	ce-core	5d	5g	migrate-source
org.eevolution.hr_and_payroll/src/main/java/ui/zk/org/spin/pr/process/WPayrollProcessReport.java	org.eevolution.hr_and_payroll	1	ce-core	5d	5g	migrate-source
org.eevolution.manufacturing/src/main/java/ui/zk/org/eevolution/form/WCRP.java	org.eevolution.manufacturing	9	ce-core	5d	5g	migrate-source
org.eevolution.manufacturing/src/main/java/ui/zk/org/eevolution/form/WCRPDetail.java	org.eevolution.manufacturing	13	ce-core	5d	5g	migrate-source
org.eevolution.manufacturing/src/main/java/ui/zk/org/eevolution/form/WMRPDetailed.java	org.eevolution.manufacturing	12	ce-core	5d	5g	migrate-source
org.eevolution.manufacturing/src/main/java/ui/zk/org/eevolution/form/WOrderReceiptIssue.java	org.eevolution.manufacturing	18	ce-core	5d	5g	migrate-source
org.eevolution.manufacturing/src/main/java/ui/zk/org/eevolution/form/WTreeBOM.java	org.eevolution.manufacturing	12	ce-core	5d	5g	migrate-source
org.eevolution.manufacturing/src/main/java/ui/zk/org/eevolution/form/WWFPanelManufacturing.java	org.eevolution.manufacturing	9	ce-core	5d	5g	migrate-source
org.eevolution.warehouse/src/main/java/ui/zk/org/eevolution/wms/form/WExpressReceiptScanBarUI.java	org.eevolution.warehouse	8	ce-core	5d	5g	migrate-source
org.eevolution.warehouse/src/main/java/ui/zk/org/spin/wms/form/WOutBoundOrder.java	org.eevolution.warehouse	9	ce-core	5d	5g	migrate-source
org.spin.loan_management/src/main/java/ui/zk/org/spin/investment/form/WLoanSimulator.java	org.spin.loan_management	8	ce-core	5d	5g	migrate-source
zkwebui/WEB-INF/src/org/adempiere/webui/AdempiereIdGenerator.java	zkwebui	5	ce-core	5d	5g	migrate-source
zkwebui/WEB-INF/src/org/adempiere/webui/AdempiereWebUI.java	zkwebui	18	ce-core	5d	5g	migrate-source
zkwebui/WEB-INF/src/org/adempiere/webui/IWebClient.java	zkwebui	2	ce-core	5d	5g	migrate-source
zkwebui/WEB-INF/src/org/adempiere/webui/LayoutUtils.java	zkwebui	6	ce-core	5d	5g	migrate-source
zkwebui/WEB-INF/src/org/adempiere/webui/SahiIdGenerator.java	zkwebui	5	ce-core	5d	5g	migrate-source
zkwebui/WEB-INF/src/org/adempiere/webui/SahiIdGenerator_v1.java	zkwebui	5	ce-core	5d	5g	migrate-source
zkwebui/WEB-INF/src/org/adempiere/webui/TimelineEventFeed.java	zkwebui	2	other	5d	5g	migrate-source
zkwebui/WEB-INF/src/org/adempiere/webui/ValuePreference.java	zkwebui	7	ce-core	5d	5g	migrate-source
zkwebui/WEB-INF/src/org/adempiere/webui/WArchive.java	zkwebui	6	ce-core	5d	5g	migrate-source
zkwebui/WEB-INF/src/org/adempiere/webui/WLogin.java	zkwebui	14	ce-core	5d	5g	migrate-source
zkwebui/WEB-INF/src/org/adempiere/webui/WRequest.java	zkwebui	7	ce-core	5d	5g	migrate-source
zkwebui/WEB-INF/src/org/adempiere/webui/WSearch.java	zkwebui	6	ce-core	5d	5g	migrate-source
zkwebui/WEB-INF/src/org/adempiere/webui/WZoomAcross.java	zkwebui	6	ce-core	5d	5g	migrate-source
zkwebui/WEB-INF/src/org/adempiere/webui/acct/WAcctViewer.java	zkwebui	15	ce-core	5d	5g	migrate-source
zkwebui/WEB-INF/src/org/adempiere/webui/apps/AEnv.java	zkwebui	5	ce-core	5d	5g	migrate-source
zkwebui/WEB-INF/src/org/adempiere/webui/apps/BusyDialog.java	zkwebui	2	ce-core	5d	5g	migrate-source
zkwebui/WEB-INF/src/org/adempiere/webui/apps/DesktopRunnable.java	zkwebui	1	ce-core	5d	5g	migrate-source
zkwebui/WEB-INF/src/org/adempiere/webui/apps/ProcessPanel.java	zkwebui	12	ce-core	5d	5g	migrate-source
zkwebui/WEB-INF/src/org/adempiere/webui/apps/WReport.java	zkwebui	6	ce-core	5d	5g	migrate-source
zkwebui/WEB-INF/src/org/adempiere/webui/apps/form/WAllocation.java	zkwebui	10	ce-core	5d	5g	migrate-source
zkwebui/WEB-INF/src/org/adempiere/webui/apps/form/WArchiveViewer.java	zkwebui	5	ce-core	5d	5g	migrate-source
zkwebui/WEB-INF/src/org/adempiere/webui/apps/form/WAttributeGrid.java	zkwebui	4	ce-core	5d	5g	migrate-source
zkwebui/WEB-INF/src/org/adempiere/webui/apps/form/WBOMDrop.java	zkwebui	13	ce-core	5d	5g	migrate-source
zkwebui/WEB-INF/src/org/adempiere/webui/apps/form/WCharge.java	zkwebui	9	ce-core	5d	5g	migrate-source
zkwebui/WEB-INF/src/org/adempiere/webui/apps/form/WCreateFromInvoiceUI.java	zkwebui	5	ce-core	5d	5g	migrate-source
zkwebui/WEB-INF/src/org/adempiere/webui/apps/form/WCreateFromPanel.java	zkwebui	7	ce-core	5d	5g	migrate-source
zkwebui/WEB-INF/src/org/adempiere/webui/apps/form/WCreateFromRMAUI.java	zkwebui	2	ce-core	5d	5g	migrate-source
zkwebui/WEB-INF/src/org/adempiere/webui/apps/form/WCreateFromShipmentUI.java	zkwebui	6	ce-core	5d	5g	migrate-source
zkwebui/WEB-INF/src/org/adempiere/webui/apps/form/WCreateFromStatementUI.java	zkwebui	6	ce-core	5d	5g	migrate-source
zkwebui/WEB-INF/src/org/adempiere/webui/apps/form/WCreateFromWindow.java	zkwebui	7	ce-core	5d	5g	migrate-source
zkwebui/WEB-INF/src/org/adempiere/webui/apps/form/WDeleteEntity.java	zkwebui	17	ce-core	5d	5g	migrate-source
zkwebui/WEB-INF/src/org/adempiere/webui/apps/form/WFactReconcile.java	zkwebui	9	ce-core	5d	5g	migrate-source
zkwebui/WEB-INF/src/org/adempiere/webui/apps/form/WFileImport.java	zkwebui	12	ce-core	5d	5g	migrate-source
zkwebui/WEB-INF/src/org/adempiere/webui/apps/form/WGenForm.java	zkwebui	11	ce-core	5d	5g	migrate-source
zkwebui/WEB-INF/src/org/adempiere/webui/apps/form/WInOutGen.java	zkwebui	4	ce-core	5d	5g	migrate-source
zkwebui/WEB-INF/src/org/adempiere/webui/apps/form/WInvoiceGen.java	zkwebui	3	ce-core	5d	5g	migrate-source
zkwebui/WEB-INF/src/org/adempiere/webui/apps/form/WInvoiceGenFromShipment.java	zkwebui	3	ce-core	5d	5g	migrate-source
zkwebui/WEB-INF/src/org/adempiere/webui/apps/form/WMatch.java	zkwebui	9	ce-core	5d	5g	migrate-source
zkwebui/WEB-INF/src/org/adempiere/webui/apps/form/WMerge.java	zkwebui	7	ce-core	5d	5g	migrate-source
zkwebui/WEB-INF/src/org/adempiere/webui/apps/form/WPayPrint.java	zkwebui	6	ce-core	5d	5g	migrate-source
zkwebui/WEB-INF/src/org/adempiere/webui/apps/form/WPaySelect.java	zkwebui	11	ce-core	5d	5g	migrate-source
zkwebui/WEB-INF/src/org/adempiere/webui/apps/form/WPayment.java	zkwebui	11	ce-core	5d	5g	migrate-source
zkwebui/WEB-INF/src/org/adempiere/webui/apps/form/WQuickEntrySheet.java	zkwebui	9	ce-core	5d	5g	migrate-source
zkwebui/WEB-INF/src/org/adempiere/webui/apps/form/WStocktake.java	zkwebui	7	ce-core	5d	5g	migrate-source
zkwebui/WEB-INF/src/org/adempiere/webui/apps/form/WTreeMaintenance.java	zkwebui	11	ce-core	5d	5g	migrate-source
zkwebui/WEB-INF/src/org/adempiere/webui/apps/form/WTrialBalance.java	zkwebui	15	ce-core	5d	5g	migrate-source
zkwebui/WEB-INF/src/org/adempiere/webui/apps/form/WTrxMaterial.java	zkwebui	7	ce-core	5d	5g	migrate-source
zkwebui/WEB-INF/src/org/adempiere/webui/apps/graph/WDocumentStatusIndicator.java	zkwebui	4	ce-core	5d	5g	migrate-source
zkwebui/WEB-INF/src/org/adempiere/webui/apps/graph/WDocumentStatusPanel.java	zkwebui	3	ce-core	5d	5g	migrate-source
zkwebui/WEB-INF/src/org/adempiere/webui/apps/graph/WGraph.java	zkwebui	22	ce-core	5d	5g	migrate-source
zkwebui/WEB-INF/src/org/adempiere/webui/apps/graph/WPAPanel.java	zkwebui	3	ce-core	5d	5g	migrate-source
zkwebui/WEB-INF/src/org/adempiere/webui/apps/graph/WPerformanceIndicator.java	zkwebui	7	ce-core	5d	5g	migrate-source
zkwebui/WEB-INF/src/org/adempiere/webui/apps/wf/WFEditor.java	zkwebui	9	ce-core	5d	5g	migrate-source
zkwebui/WEB-INF/src/org/adempiere/webui/apps/wf/WFPanel.java	zkwebui	12	ce-core	5d	5g	migrate-source
zkwebui/WEB-INF/src/org/adempiere/webui/apps/wf/WWFActivity.java	zkwebui	11	ce-core	5d	5g	migrate-source
zkwebui/WEB-INF/src/org/adempiere/webui/apps/wf/WWFIcon.java	zkwebui	2	ce-core	5d	5g	migrate-source
zkwebui/WEB-INF/src/org/adempiere/webui/compat/AuRequests.java	zkwebui	1	ce-core	5d	5g	migrate-source
zkwebui/WEB-INF/src/org/adempiere/webui/compat/Combobox2Default.java	zkwebui	1	ce-core	5d	5g	migrate-source
zkwebui/WEB-INF/src/org/adempiere/webui/compat/HtmlEditor.java	zkwebui	1	ce-core	5d	5g	migrate-source
zkwebui/WEB-INF/src/org/adempiere/webui/compat/ListModelExt.java	zkwebui	1	ce-core	5d	5g	migrate-source
zkwebui/WEB-INF/src/org/adempiere/webui/compat/Portalchildren.java	zkwebui	1	ce-core	5d	5g	migrate-source
zkwebui/WEB-INF/src/org/adempiere/webui/compat/Portallayout.java	zkwebui	2	ce-core	5d	5g	migrate-source
zkwebui/WEB-INF/src/org/adempiere/webui/compat/SimpleTreeModel.java	zkwebui	2	ce-core	5d	5g	migrate-source
zkwebui/WEB-INF/src/org/adempiere/webui/compat/SimpleTreeNode.java	zkwebui	2	ce-core	5d	5g	migrate-source
zkwebui/WEB-INF/src/org/adempiere/webui/compat/ZkCompat.java	zkwebui	8	ce-core	5d	5g	migrate-source
zkwebui/WEB-INF/src/org/adempiere/webui/compat/timeline/BandScrollEvent.java	zkwebui	2	ce-core	5d	5g	migrate-source
zkwebui/WEB-INF/src/org/adempiere/webui/compat/timeline/Bandinfo.java	zkwebui	1	ce-core	5d	5g	migrate-source
zkwebui/WEB-INF/src/org/adempiere/webui/compat/timeline/Timeline.java	zkwebui	2	ce-core	5d	5g	migrate-source
zkwebui/WEB-INF/src/org/adempiere/webui/component/ADButtonTabList.java	zkwebui	6	ce-core	5d	5g	migrate-source
zkwebui/WEB-INF/src/org/adempiere/webui/component/ADTabListModel.java	zkwebui	6	ce-core	5d	5g	migrate-source
zkwebui/WEB-INF/src/org/adempiere/webui/component/ADTreeFavoriteOnDropListener.java	zkwebui	11	ce-core	5d	5g	migrate-source
zkwebui/WEB-INF/src/org/adempiere/webui/component/ADTreeOnDropListener.java	zkwebui	9	ce-core	5d	5g	migrate-source
zkwebui/WEB-INF/src/org/adempiere/webui/component/Accordion.java	zkwebui	10	ce-core	5d	5g	migrate-source
zkwebui/WEB-INF/src/org/adempiere/webui/component/AutoComplete.java	zkwebui	2	ce-core	5d	5g	migrate-source
zkwebui/WEB-INF/src/org/adempiere/webui/component/AutoCompleter.java	zkwebui	4	ce-core	5d	5g	migrate-source
zkwebui/WEB-INF/src/org/adempiere/webui/component/Bandbox.java	zkwebui	1	ce-core	5d	5g	migrate-source
zkwebui/WEB-INF/src/org/adempiere/webui/component/Borderlayout.java	zkwebui	7	ce-core	5d	5g	migrate-source
zkwebui/WEB-INF/src/org/adempiere/webui/component/Button.java	zkwebui	3	ce-core	5d	5g	migrate-source
zkwebui/WEB-INF/src/org/adempiere/webui/component/CWindowToolbar.java	zkwebui	6	ce-core	5d	5g	migrate-source
zkwebui/WEB-INF/src/org/adempiere/webui/component/Checkbox.java	zkwebui	3	ce-core	5d	5g	migrate-source
zkwebui/WEB-INF/src/org/adempiere/webui/component/Col.java	zkwebui	3	ce-core	5d	5g	migrate-source
zkwebui/WEB-INF/src/org/adempiere/webui/component/Column.java	zkwebui	1	ce-core	5d	5g	migrate-source
zkwebui/WEB-INF/src/org/adempiere/webui/component/Columns.java	zkwebui	1	ce-core	5d	5g	migrate-source
zkwebui/WEB-INF/src/org/adempiere/webui/component/ComboItem.java	zkwebui	1	ce-core	5d	5g	migrate-source
zkwebui/WEB-INF/src/org/adempiere/webui/component/Combobox.java	zkwebui	2	ce-core	5d	5g	migrate-source
zkwebui/WEB-INF/src/org/adempiere/webui/component/CompositeADTab.java	zkwebui	3	ce-core	5d	5g	migrate-source
zkwebui/WEB-INF/src/org/adempiere/webui/component/ConfirmPanel.java	zkwebui	5	ce-core	5d	5g	migrate-source
zkwebui/WEB-INF/src/org/adempiere/webui/component/Datebox.java	zkwebui	1	ce-core	5d	5g	migrate-source
zkwebui/WEB-INF/src/org/adempiere/webui/component/DatetimeBox.java	zkwebui	2	ce-core	5d	5g	migrate-source
zkwebui/WEB-INF/src/org/adempiere/webui/component/DesktopTabpanel.java	zkwebui	1	ce-core	5d	5g	migrate-source
zkwebui/WEB-INF/src/org/adempiere/webui/component/Div.java	zkwebui	1	ce-core	5d	5g	migrate-source
zkwebui/WEB-INF/src/org/adempiere/webui/component/DrillCommand.java	zkwebui	7	ce-core	5d	5g	migrate-source
zkwebui/WEB-INF/src/org/adempiere/webui/component/EditorBox.java	zkwebui	6	ce-core	5d	5g	migrate-source
zkwebui/WEB-INF/src/org/adempiere/webui/component/FToolbar.java	zkwebui	1	ce-core	5d	5g	migrate-source
zkwebui/WEB-INF/src/org/adempiere/webui/component/FolderBrowser.java	zkwebui	7	ce-core	5d	5g	migrate-source
zkwebui/WEB-INF/src/org/adempiere/webui/component/Grid.java	zkwebui	3	ce-core	5d	5g	migrate-source
zkwebui/WEB-INF/src/org/adempiere/webui/component/GridPanel.java	zkwebui	29	ce-core	5d	5g	migrate-source
zkwebui/WEB-INF/src/org/adempiere/webui/component/GridTabListItemRenderer.java	zkwebui	12	ce-core	5d	5g	migrate-source
zkwebui/WEB-INF/src/org/adempiere/webui/component/GridTabRowRenderer.java	zkwebui	26	ce-core	5d	5g	migrate-source
zkwebui/WEB-INF/src/org/adempiere/webui/component/GridTableListModel.java	zkwebui	5	ce-core	5d	5g	migrate-source
zkwebui/WEB-INF/src/org/adempiere/webui/component/Hbox.java	zkwebui	2	ce-core	5d	5g	migrate-source
zkwebui/WEB-INF/src/org/adempiere/webui/component/IADTab.java	zkwebui	2	ce-core	5d	5g	migrate-source
zkwebui/WEB-INF/src/org/adempiere/webui/component/Keylistener.java	zkwebui	7	ce-core	5d	5g	migrate-source
zkwebui/WEB-INF/src/org/adempiere/webui/component/Label.java	zkwebui	2	ce-core	5d	5g	migrate-source
zkwebui/WEB-INF/src/org/adempiere/webui/component/ListCell.java	zkwebui	1	ce-core	5d	5g	migrate-source
zkwebui/WEB-INF/src/org/adempiere/webui/component/ListHead.java	zkwebui	1	ce-core	5d	5g	migrate-source
zkwebui/WEB-INF/src/org/adempiere/webui/component/ListHeader.java	zkwebui	1	ce-core	5d	5g	migrate-source
zkwebui/WEB-INF/src/org/adempiere/webui/component/ListItem.java	zkwebui	1	ce-core	5d	5g	migrate-source
zkwebui/WEB-INF/src/org/adempiere/webui/component/ListModelTable.java	zkwebui	3	ce-core	5d	5g	migrate-source
zkwebui/WEB-INF/src/org/adempiere/webui/component/ListPanel.java	zkwebui	8	ce-core	5d	5g	migrate-source
zkwebui/WEB-INF/src/org/adempiere/webui/component/Listbox.java	zkwebui	6	ce-core	5d	5g	migrate-source
zkwebui/WEB-INF/src/org/adempiere/webui/component/Locationbox.java	zkwebui	5	ce-core	5d	5g	migrate-source
zkwebui/WEB-INF/src/org/adempiere/webui/component/Messagebox.java	zkwebui	8	ce-core	5d	5g	migrate-source
zkwebui/WEB-INF/src/org/adempiere/webui/component/NumberBox.java	zkwebui	10	ce-core	5d	5g	migrate-source
zkwebui/WEB-INF/src/org/adempiere/webui/component/Radio.java	zkwebui	3	ce-core	5d	5g	migrate-source
zkwebui/WEB-INF/src/org/adempiere/webui/component/Row.java	zkwebui	2	ce-core	5d	5g	migrate-source
zkwebui/WEB-INF/src/org/adempiere/webui/component/Rows.java	zkwebui	2	ce-core	5d	5g	migrate-source
zkwebui/WEB-INF/src/org/adempiere/webui/component/SMJReportViewer.java	zkwebui	10	ce-core	5d	5g	migrate-source
zkwebui/WEB-INF/src/org/adempiere/webui/component/SimpleFavoriteTreeModel.java	zkwebui	12	ce-core	5d	5g	migrate-source
zkwebui/WEB-INF/src/org/adempiere/webui/component/SimpleListModel.java	zkwebui	7	ce-core	5d	5g	migrate-source
zkwebui/WEB-INF/src/org/adempiere/webui/component/SimpleTreeModel.java	zkwebui	12	ce-core	5d	5g	migrate-source
zkwebui/WEB-INF/src/org/adempiere/webui/component/StringBox.java	zkwebui	5	ce-core	5d	5g	migrate-source
zkwebui/WEB-INF/src/org/adempiere/webui/component/Tab.java	zkwebui	1	ce-core	5d	5g	migrate-source
zkwebui/WEB-INF/src/org/adempiere/webui/component/Tabbox.java	zkwebui	2	ce-core	5d	5g	migrate-source
zkwebui/WEB-INF/src/org/adempiere/webui/component/Tabpanel.java	zkwebui	2	ce-core	5d	5g	migrate-source
zkwebui/WEB-INF/src/org/adempiere/webui/component/Tabpanels.java	zkwebui	1	ce-core	5d	5g	migrate-source
zkwebui/WEB-INF/src/org/adempiere/webui/component/Tabs.java	zkwebui	1	ce-core	5d	5g	migrate-source
zkwebui/WEB-INF/src/org/adempiere/webui/component/Textbox.java	zkwebui	5	ce-core	5d	5g	migrate-source
zkwebui/WEB-INF/src/org/adempiere/webui/component/TokenCommand.java	zkwebui	7	ce-core	5d	5g	migrate-source
zkwebui/WEB-INF/src/org/adempiere/webui/component/ToolBar.java	zkwebui	1	ce-core	5d	5g	migrate-source
zkwebui/WEB-INF/src/org/adempiere/webui/component/ToolBarButton.java	zkwebui	1	ce-core	5d	5g	migrate-source
zkwebui/WEB-INF/src/org/adempiere/webui/component/VerticalBox.java	zkwebui	1	ce-core	5d	5g	migrate-source
zkwebui/WEB-INF/src/org/adempiere/webui/component/WListItemRenderer.java	zkwebui	11	ce-core	5d	5g	migrate-source
zkwebui/WEB-INF/src/org/adempiere/webui/component/WListbox.java	zkwebui	1	ce-core	5d	5g	migrate-source
zkwebui/WEB-INF/src/org/adempiere/webui/component/Window.java	zkwebui	1	ce-core	5d	5g	migrate-source
zkwebui/WEB-INF/src/org/adempiere/webui/component/ZkCssHelper.java	zkwebui	1	ce-core	5d	5g	migrate-source
zkwebui/WEB-INF/src/org/adempiere/webui/component/ZoomCommand.java	zkwebui	7	ce-core	5d	5g	migrate-source
zkwebui/WEB-INF/src/org/adempiere/webui/dashboard/DPActivities.java	zkwebui	6	ce-core	5d	5g	migrate-source
zkwebui/WEB-INF/src/org/adempiere/webui/dashboard/DPCalendar.java	zkwebui	1	ce-core	5d	5g	migrate-source
zkwebui/WEB-INF/src/org/adempiere/webui/dashboard/DPFavourites.java	zkwebui	14	ce-core	5d	5g	migrate-source
zkwebui/WEB-INF/src/org/adempiere/webui/dashboard/DPRecentItems.java	zkwebui	16	ce-core	5d	5g	migrate-source
zkwebui/WEB-INF/src/org/adempiere/webui/dashboard/DPUserFavorites.java	zkwebui	20	ce-core	5d	5g	migrate-source
zkwebui/WEB-INF/src/org/adempiere/webui/dashboard/DPViews.java	zkwebui	7	ce-core	5d	5g	migrate-source
zkwebui/WEB-INF/src/org/adempiere/webui/dashboard/DashboardRunnable.java	zkwebui	3	ce-core	5d	5g	migrate-source
zkwebui/WEB-INF/src/org/adempiere/webui/dashboard/DynamicDashBoard.java	zkwebui	10	ce-core	5d	5g	migrate-source
zkwebui/WEB-INF/src/org/adempiere/webui/desktop/AbstractDesktop.java	zkwebui	5	ce-core	5d	5g	migrate-source
zkwebui/WEB-INF/src/org/adempiere/webui/desktop/DefaultDesktop.java	zkwebui	18	ce-core	5d	5g	migrate-source
zkwebui/WEB-INF/src/org/adempiere/webui/desktop/IDesktop.java	zkwebui	2	ce-core	5d	5g	migrate-source
zkwebui/WEB-INF/src/org/adempiere/webui/desktop/NavBar2Desktop.java	zkwebui	17	ce-core	5d	5g	migrate-source
zkwebui/WEB-INF/src/org/adempiere/webui/desktop/NavBarDesktop.java	zkwebui	20	ce-core	5d	5g	migrate-source
zkwebui/WEB-INF/src/org/adempiere/webui/desktop/TabbedDesktop.java	zkwebui	5	ce-core	5d	5g	migrate-source
zkwebui/WEB-INF/src/org/adempiere/webui/editor/WAccountEditor.java	zkwebui	2	ce-core	5d	5g	migrate-source
zkwebui/WEB-INF/src/org/adempiere/webui/editor/WAssignmentEditor.java	zkwebui	2	ce-core	5d	5g	migrate-source
zkwebui/WEB-INF/src/org/adempiere/webui/editor/WBinaryEditor.java	zkwebui	2	ce-core	5d	5g	migrate-source
zkwebui/WEB-INF/src/org/adempiere/webui/editor/WButtonEditor.java	zkwebui	2	ce-core	5d	5g	migrate-source
zkwebui/WEB-INF/src/org/adempiere/webui/editor/WChartEditor.java	zkwebui	9	ce-core	5d	5g	migrate-source
zkwebui/WEB-INF/src/org/adempiere/webui/editor/WDateEditor.java	zkwebui	2	ce-core	5d	5g	migrate-source
zkwebui/WEB-INF/src/org/adempiere/webui/editor/WDatetimeEditor.java	zkwebui	2	ce-core	5d	5g	migrate-source
zkwebui/WEB-INF/src/org/adempiere/webui/editor/WEditor.java	zkwebui	6	ce-core	5d	5g	migrate-source
zkwebui/WEB-INF/src/org/adempiere/webui/editor/WEditorPopupMenu.java	zkwebui	5	ce-core	5d	5g	migrate-source
zkwebui/WEB-INF/src/org/adempiere/webui/editor/WFileDirectoryEditor.java	zkwebui	2	ce-core	5d	5g	migrate-source
zkwebui/WEB-INF/src/org/adempiere/webui/editor/WFilenameEditor.java	zkwebui	5	ce-core	5d	5g	migrate-source
zkwebui/WEB-INF/src/org/adempiere/webui/editor/WImageEditor.java	zkwebui	4	ce-core	5d	5g	migrate-source
zkwebui/WEB-INF/src/org/adempiere/webui/editor/WLocationEditor.java	zkwebui	3	ce-core	5d	5g	migrate-source
zkwebui/WEB-INF/src/org/adempiere/webui/editor/WLocatorEditor.java	zkwebui	3	ce-core	5d	5g	migrate-source
zkwebui/WEB-INF/src/org/adempiere/webui/editor/WNumberEditor.java	zkwebui	2	ce-core	5d	5g	migrate-source
zkwebui/WEB-INF/src/org/adempiere/webui/editor/WPAttributeEditor.java	zkwebui	3	ce-core	5d	5g	migrate-source
zkwebui/WEB-INF/src/org/adempiere/webui/editor/WRadioEditor.java	zkwebui	2	ce-core	5d	5g	migrate-source
zkwebui/WEB-INF/src/org/adempiere/webui/editor/WSearchEditor.java	zkwebui	3	ce-core	5d	5g	migrate-source
zkwebui/WEB-INF/src/org/adempiere/webui/editor/WSearchEditorAutoComplete.java	zkwebui	1	ce-core	5d	5g	migrate-source
zkwebui/WEB-INF/src/org/adempiere/webui/editor/WStringEditor.java	zkwebui	8	ce-core	5d	5g	migrate-source
zkwebui/WEB-INF/src/org/adempiere/webui/editor/WTableDirEditor.java	zkwebui	3	ce-core	5d	5g	migrate-source
zkwebui/WEB-INF/src/org/adempiere/webui/editor/WTimeEditor.java	zkwebui	3	ce-core	5d	5g	migrate-source
zkwebui/WEB-INF/src/org/adempiere/webui/editor/WUrlEditor.java	zkwebui	2	ce-core	5d	5g	migrate-source
zkwebui/WEB-INF/src/org/adempiere/webui/editor/WYesNoEditor.java	zkwebui	2	ce-core	5d	5g	migrate-source
zkwebui/WEB-INF/src/org/adempiere/webui/editor/WebEditorFactory.java	zkwebui	1	other	5d	5g	migrate-source
zkwebui/WEB-INF/src/org/adempiere/webui/event/DrillEvent.java	zkwebui	2	ce-core	5d	5g	migrate-source
zkwebui/WEB-INF/src/org/adempiere/webui/event/TokenEvent.java	zkwebui	2	ce-core	5d	5g	migrate-source
zkwebui/WEB-INF/src/org/adempiere/webui/event/WTableModelEvent.java	zkwebui	2	ce-core	5d	5g	migrate-source
zkwebui/WEB-INF/src/org/adempiere/webui/event/ZoomEvent.java	zkwebui	2	ce-core	5d	5g	migrate-source
zkwebui/WEB-INF/src/org/adempiere/webui/grid/WBPartner.java	zkwebui	6	ce-core	5d	5g	migrate-source
zkwebui/WEB-INF/src/org/adempiere/webui/install/WTranslationDialog.java	zkwebui	5	ce-core	5d	5g	migrate-source
zkwebui/WEB-INF/src/org/adempiere/webui/panel/ADForm.java	zkwebui	3	ce-core	5d	5g	migrate-source
zkwebui/WEB-INF/src/org/adempiere/webui/panel/ADTabPanel.java	zkwebui	53	ce-core	5d	5g	migrate-source
zkwebui/WEB-INF/src/org/adempiere/webui/panel/ADTreePanel.java	zkwebui	8	ce-core	5d	5g	migrate-source
zkwebui/WEB-INF/src/org/adempiere/webui/panel/ADWindowPanel.java	zkwebui	11	ce-core	5d	5g	migrate-source
zkwebui/WEB-INF/src/org/adempiere/webui/panel/AbstractADWindowPanel.java	zkwebui	13	ce-core	5d	5g	migrate-source
zkwebui/WEB-INF/src/org/adempiere/webui/panel/FooterPanel.java	zkwebui	1	ce-core	5d	5g	migrate-source
zkwebui/WEB-INF/src/org/adempiere/webui/panel/HeaderPanel.java	zkwebui	8	ce-core	5d	5g	migrate-source
zkwebui/WEB-INF/src/org/adempiere/webui/panel/IADTabPanel.java	zkwebui	1	ce-core	5d	5g	migrate-source
zkwebui/WEB-INF/src/org/adempiere/webui/panel/InfoAssetPanel.java	zkwebui	2	ce-core	5d	5g	migrate-source
zkwebui/WEB-INF/src/org/adempiere/webui/panel/InfoAssignmentPanel.java	zkwebui	2	ce-core	5d	5g	migrate-source
zkwebui/WEB-INF/src/org/adempiere/webui/panel/InfoBPartnerPanel.java	zkwebui	7	ce-core	5d	5g	migrate-source
zkwebui/WEB-INF/src/org/adempiere/webui/panel/InfoCashLinePanel.java	zkwebui	3	ce-core	5d	5g	migrate-source
zkwebui/WEB-INF/src/org/adempiere/webui/panel/InfoGeneralPanel.java	zkwebui	2	ce-core	5d	5g	migrate-source
zkwebui/WEB-INF/src/org/adempiere/webui/panel/InfoInOutPanel.java	zkwebui	3	ce-core	5d	5g	migrate-source
zkwebui/WEB-INF/src/org/adempiere/webui/panel/InfoInvoicePanel.java	zkwebui	2	ce-core	5d	5g	migrate-source
zkwebui/WEB-INF/src/org/adempiere/webui/panel/InfoOrderPanel.java	zkwebui	4	ce-core	5d	5g	migrate-source
zkwebui/WEB-INF/src/org/adempiere/webui/panel/InfoPAttributeInstancePanel.java	zkwebui	6	ce-core	5d	5g	migrate-source
zkwebui/WEB-INF/src/org/adempiere/webui/panel/InfoPAttributePanel.java	zkwebui	8	ce-core	5d	5g	migrate-source
zkwebui/WEB-INF/src/org/adempiere/webui/panel/InfoPanel.java	zkwebui	18	ce-core	5d	5g	migrate-source
zkwebui/WEB-INF/src/org/adempiere/webui/panel/InfoPaymentPanel.java	zkwebui	5	ce-core	5d	5g	migrate-source
zkwebui/WEB-INF/src/org/adempiere/webui/panel/InfoProductPanel.java	zkwebui	7	ce-core	5d	5g	migrate-source
zkwebui/WEB-INF/src/org/adempiere/webui/panel/InvoiceHistory.java	zkwebui	8	ce-core	5d	5g	migrate-source
zkwebui/WEB-INF/src/org/adempiere/webui/panel/LoginPanel.java	zkwebui	20	ce-core	5d	5g	migrate-source
zkwebui/WEB-INF/src/org/adempiere/webui/panel/LogoPanel.java	zkwebui	1	ce-core	5d	5g	migrate-source
zkwebui/WEB-INF/src/org/adempiere/webui/panel/LogoutPanel.java	zkwebui	4	ce-core	5d	5g	migrate-source
zkwebui/WEB-INF/src/org/adempiere/webui/panel/MenuPanel.java	zkwebui	13	ce-core	5d	5g	migrate-source
zkwebui/WEB-INF/src/org/adempiere/webui/panel/NewPassPanel.java	zkwebui	15	ce-core	5d	5g	migrate-source
zkwebui/WEB-INF/src/org/adempiere/webui/panel/PassResetPanel.java	zkwebui	11	ce-core	5d	5g	migrate-source
zkwebui/WEB-INF/src/org/adempiere/webui/panel/RolePanel.java	zkwebui	15	ce-core	5d	5g	migrate-source
zkwebui/WEB-INF/src/org/adempiere/webui/panel/StatusBarPanel.java	zkwebui	9	ce-core	5d	5g	migrate-source
zkwebui/WEB-INF/src/org/adempiere/webui/panel/TreeSearchPanel.java	zkwebui	10	ce-core	5d	5g	migrate-source
zkwebui/WEB-INF/src/org/adempiere/webui/panel/UserPanel.java	zkwebui	7	ce-core	5d	5g	migrate-source
zkwebui/WEB-INF/src/org/adempiere/webui/panel/WAttachment.java	zkwebui	19	ce-core	5d	5g	migrate-source
zkwebui/WEB-INF/src/org/adempiere/webui/panel/WDocActionPanel.java	zkwebui	8	ce-core	5d	5g	migrate-source
zkwebui/WEB-INF/src/org/adempiere/webui/panel/WOnlyCurrentDays.java	zkwebui	5	ce-core	5d	5g	migrate-source
zkwebui/WEB-INF/src/org/adempiere/webui/panel/WProcessAction.java	zkwebui	6	ce-core	5d	5g	migrate-source
zkwebui/WEB-INF/src/org/adempiere/webui/panel/WSchedule.java	zkwebui	4	ce-core	5d	5g	migrate-source
zkwebui/WEB-INF/src/org/adempiere/webui/panel/WSortTab.java	zkwebui	10	ce-core	5d	5g	migrate-source
zkwebui/WEB-INF/src/org/adempiere/webui/part/AbstractUIPart.java	zkwebui	2	ce-core	5d	5g	migrate-source
zkwebui/WEB-INF/src/org/adempiere/webui/part/MultiTabPart.java	zkwebui	1	ce-core	5d	5g	migrate-source
zkwebui/WEB-INF/src/org/adempiere/webui/part/UIPart.java	zkwebui	1	ce-core	5d	5g	migrate-source
zkwebui/WEB-INF/src/org/adempiere/webui/part/WindowContainer.java	zkwebui	9	ce-core	5d	5g	migrate-source
zkwebui/WEB-INF/src/org/adempiere/webui/process/InvoicePrint.java	zkwebui	1	ce-core	5d	5g	migrate-source
zkwebui/WEB-INF/src/org/adempiere/webui/session/SessionContextListener.java	zkwebui	15	ce-core	5d	5g	migrate-source
zkwebui/WEB-INF/src/org/adempiere/webui/session/SessionManager.java	zkwebui	6	ce-core	5d	5g	migrate-source
zkwebui/WEB-INF/src/org/adempiere/webui/session/SessionManagerListener.java	zkwebui	1	ce-core	5d	5g	migrate-source
zkwebui/WEB-INF/src/org/adempiere/webui/session/WebUIServlet.java	zkwebui	1	ce-core	5d	5g	migrate-source
zkwebui/WEB-INF/src/org/adempiere/webui/theme/ThemeManager.java	zkwebui	1	ce-core	5d	5g	migrate-source
zkwebui/WEB-INF/src/org/adempiere/webui/util/BrowserToken.java	zkwebui	2	ce-core	5d	5g	migrate-source
zkwebui/WEB-INF/src/org/adempiere/webui/util/ServerPushTemplate.java	zkwebui	3	ce-core	5d	5g	migrate-source
zkwebui/WEB-INF/src/org/adempiere/webui/util/TreeItemAction.java	zkwebui	1	ce-core	5d	5g	migrate-source
zkwebui/WEB-INF/src/org/adempiere/webui/util/TreeUtils.java	zkwebui	4	ce-core	5d	5g	migrate-source
zkwebui/WEB-INF/src/org/adempiere/webui/window/ADWindow.java	zkwebui	1	ce-core	5d	5g	migrate-source
zkwebui/WEB-INF/src/org/adempiere/webui/window/AboutWindow.java	zkwebui	13	ce-core	5d	5g	migrate-source
zkwebui/WEB-INF/src/org/adempiere/webui/window/FDialog.java	zkwebui	1	ce-core	5d	5g	migrate-source
zkwebui/WEB-INF/src/org/adempiere/webui/window/FindWindow.java	zkwebui	12	ce-core	5d	5g	migrate-source
zkwebui/WEB-INF/src/org/adempiere/webui/window/InfoSchedule.java	zkwebui	6	ce-core	5d	5g	migrate-source
zkwebui/WEB-INF/src/org/adempiere/webui/window/LoginWindow.java	zkwebui	6	ce-core	5d	5g	migrate-source
zkwebui/WEB-INF/src/org/adempiere/webui/window/SimplePDFViewer.java	zkwebui	2	ce-core	5d	5g	migrate-source
zkwebui/WEB-INF/src/org/adempiere/webui/window/WAccountDialog.java	zkwebui	13	ce-core	5d	5g	migrate-source
zkwebui/WEB-INF/src/org/adempiere/webui/window/WAlertDialog.java	zkwebui	5	ce-core	5d	5g	migrate-source
zkwebui/WEB-INF/src/org/adempiere/webui/window/WAssignmentDialog.java	zkwebui	5	ce-core	5d	5g	migrate-source
zkwebui/WEB-INF/src/org/adempiere/webui/window/WAutoCompleterCity.java	zkwebui	5	ce-core	5d	5g	migrate-source
zkwebui/WEB-INF/src/org/adempiere/webui/window/WChat.java	zkwebui	8	ce-core	5d	5g	migrate-source
zkwebui/WEB-INF/src/org/adempiere/webui/window/WContext.java	zkwebui	6	ce-core	5d	5g	migrate-source
zkwebui/WEB-INF/src/org/adempiere/webui/window/WDeleteSelection.java	zkwebui	10	ce-core	5d	5g	migrate-source
zkwebui/WEB-INF/src/org/adempiere/webui/window/WEMailDialog.java	zkwebui	6	ce-core	5d	5g	migrate-source
zkwebui/WEB-INF/src/org/adempiere/webui/window/WImageDialog.java	zkwebui	13	ce-core	5d	5g	migrate-source
zkwebui/WEB-INF/src/org/adempiere/webui/window/WLocationDialog.java	zkwebui	3	ce-core	5d	5g	migrate-source
zkwebui/WEB-INF/src/org/adempiere/webui/window/WLocatorDialog.java	zkwebui	5	ce-core	5d	5g	migrate-source
zkwebui/WEB-INF/src/org/adempiere/webui/window/WMediaDialog.java	zkwebui	14	ce-core	5d	5g	migrate-source
zkwebui/WEB-INF/src/org/adempiere/webui/window/WPAttributeDialog.java	zkwebui	10	ce-core	5d	5g	migrate-source
zkwebui/WEB-INF/src/org/adempiere/webui/window/WPAttributeInstance.java	zkwebui	8	ce-core	5d	5g	migrate-source
zkwebui/WEB-INF/src/org/adempiere/webui/window/WPreference.java	zkwebui	7	ce-core	5d	5g	migrate-source
zkwebui/WEB-INF/src/org/adempiere/webui/window/WRecordAccessDialog.java	zkwebui	4	ce-core	5d	5g	migrate-source
zkwebui/WEB-INF/src/org/adempiere/webui/window/WRecordInfo.java	zkwebui	13	ce-core	5d	5g	migrate-source
zkwebui/WEB-INF/src/org/adempiere/webui/window/WStringEditorDialog.java	zkwebui	3	ce-core	5d	5g	migrate-source
zkwebui/WEB-INF/src/org/adempiere/webui/window/WTask.java	zkwebui	11	ce-core	5d	5g	migrate-source
zkwebui/WEB-INF/src/org/adempiere/webui/window/WTextEditorDialog.java	zkwebui	6	ce-core	5d	5g	migrate-source
zkwebui/WEB-INF/src/org/adempiere/webui/window/ZkJRViewer.java	zkwebui	12	ce-core	5d	5g	migrate-source
zkwebui/WEB-INF/src/org/adempiere/webui/window/ZkReportViewer.java	zkwebui	22	ce-core	5d	5g	migrate-source
zkwebui/WEB-INF/src/org/adempiere/webui/window/ZkReportViewerProvider.java	zkwebui	2	ce-core	5d	5g	migrate-source
zkwebui/WEB-INF/src/org/eevolution/form/WBrowser.java	zkwebui	11	ce-core	5d	5g	migrate-source
zkwebui/WEB-INF/src/org/eevolution/form/WBrowserSearch.java	zkwebui	2	ce-core	5d	5g	migrate-source
zkwebui/WEB-INF/src/org/eevolution/form/WScanBarUI.java	zkwebui	8	ce-core	5d	5g	migrate-source
zkwebui/WEB-INF/src/org/eevolution/grid/WBrowserListItemRenderer.java	zkwebui	13	ce-core	5d	5g	migrate-source
zkwebui/WEB-INF/src/org/eevolution/grid/WBrowserTable.java	zkwebui	1	ce-core	5d	5g	migrate-source
zkwebui/WEB-INF/src/org/spin/apps/form/WBankStatementMatch.java	zkwebui	10	ce-core	5d	5g	migrate-source
zkwebui/WEB-INF/test/src/org/adempiere/webui/component/GridPanel_Test.java	zkwebui	2	ce-core	5d	5g	migrate-source
zkwebui/WEB-INF/test/src/org/adempiere/webui/component/GridTabRowRenderer_Test.java	zkwebui	1	ce-core	5d	5g	migrate-source
zkwebui/WEB-INF/test/src/org/adempiere/webui/desktop/DefaultDesktop_Test.java	zkwebui	5	ce-core	5d	5g	migrate-source
