# Phase 5g-0: every AD_Process in the seed dictionary, classified by how
# it executes.
#
# Only `java-process` rows are eligible for the Phase 5g-1e write/process
# fixture. `report` rows belong to Phase 5g-2, `workflow` rows to the
# document increments, and `declaration-only` rows execute nothing.
#
# Generated by scripts/phase5/generate-phase5g-inventories.py from
# db/ddlutils/adempiere-data.xml. Do not hand-edit.
ad_process_id	value	name	entity_type	is_active	execution_class	classname	procedure_name	reason
100	C_Year Create Periods	Create Periods	D	Y	java-process	org.compiere.process.YearCreatePeriods	-	Classname is set and no report/workflow overrides it
101	M_DiscountSchema_ReSeq	Renumber	D	Y	java-process	org.compiere.process.DiscountSchemaReSeq	-	Classname is set and no report/workflow overrides it
103	M_PriceList Create	Create Price List	D	Y	java-process	org.compiere.process.M_PriceList_Create	-	Classname is set and no report/workflow overrides it
104	C_Order Process	Process Order	D	Y	workflow	-	-	AD_Workflow_ID is set, so ProcessCtl starts a workflow
105	M_Inventory Create	Create Inventory Count List	D	Y	java-process	org.compiere.process.InventoryCountCreate	-	Classname is set and no report/workflow overrides it
106	M_Inventory Update	Update Quantity	D	Y	java-process	org.compiere.process.InventoryCountUpdate	-	Classname is set and no report/workflow overrides it
107	M_Inventory Process	Process Inventory Count	D	Y	workflow	-	-	AD_Workflow_ID is set, so ProcessCtl starts a workflow
108	C_AcctSchema_Default_Copy	Add or Copy Accounts	D	Y	java-process	org.compiere.process.AcctSchemaDefaultCopy	-	Classname is set and no report/workflow overrides it
109	M_InOut Process	Process Shipment	D	Y	workflow	-	-	AD_Workflow_ID is set, so ProcessCtl starts a workflow
110	Rpt C_Order	Order Print	D	Y	report	-	-	IsReport=Y or a JasperReport is declared
111	C_Invoice Process	Process Invoice	D	Y	workflow	-	-	AD_Workflow_ID is set, so ProcessCtl starts a workflow
112	C_BP_Group_Acct_Copy	Copy Accounts	D	Y	java-process	org.compiere.process.BPGroupAcctCopy	-	Classname is set and no report/workflow overrides it
113	AD_Window_Copy	Copy Window Tabs	D	Y	java-process	org.compiere.process.WindowCopy	-	Classname is set and no report/workflow overrides it
114	AD_Tab_Copy	Copy Tab Fields	D	Y	java-process	org.compiere.process.TabCopy	-	Classname is set and no report/workflow overrides it
115	M_Product_PO	Vendor Selection	D	Y	report	-	-	IsReport=Y or a JasperReport is declared
116	Rpt C_Invoice	Invoice Print	D	Y	report	-	-	IsReport=Y or a JasperReport is declared
117	Rpt M_InOut	Delivery Note / Shipment Print	D	Y	report	-	-	IsReport=Y or a JasperReport is declared
118	M_InOut_Generate	Generate Shipments	D	Y	java-process	org.compiere.process.InOutGenerate	-	Classname is set and no report/workflow overrides it
119	C_Invoice_Generate	Generate Invoices	D	Y	java-process	org.compiere.process.InvoiceGenerate	-	Classname is set and no report/workflow overrides it
120	RV_PP_Order_Transactions	Order Transactions	EE01	Y	report	-	-	IsReport=Y or a JasperReport is declared
121	RV_Order_Open	Open Orders	D	Y	report	-	-	IsReport=Y or a JasperReport is declared
122	M_Movement_Process	Process Movements	D	Y	workflow	-	-	AD_Workflow_ID is set, so ProcessCtl starts a workflow
123	C_Commission_Process	Generate Commission	D	Y	java-process	org.compiere.process.CommissionCalc	-	Classname is set and no report/workflow overrides it
124	RV_M_Transaction_Sum	Product Transaction Summary	D	Y	report	-	-	IsReport=Y or a JasperReport is declared
125	RV_T_Replenish	Replenish Report	D	Y	report	org.compiere.process.ReplenishReport	-	IsReport=Y or a JasperReport is declared
126	R_Order_DrillDown	Order Drilldown	D	N	report	org.compiere.report.OrderDrillDown	-	IsReport=Y or a JasperReport is declared
127	RV_C_Invoice (Acct)	Invoice Transactions (Acct)	D	Y	report	-	-	IsReport=Y or a JasperReport is declared
128	RV_C_Invoice_Day	Daily Invoice	D	Y	report	-	-	IsReport=Y or a JasperReport is declared
129	RV_C_Invoice_Month	Monthly Invoice	D	Y	report	-	-	IsReport=Y or a JasperReport is declared
130	RV_C_Invoice_Week	Weekly Invoice	D	Y	report	-	-	IsReport=Y or a JasperReport is declared
131	RV_C_Invoice_ProdWeek	Weekly Invoice Prod Cat	D	Y	report	-	-	IsReport=Y or a JasperReport is declared
132	RV_C_Invoice_ProdMonth	Monthly Invoice Prod Cat	D	Y	report	-	-	IsReport=Y or a JasperReport is declared
133	RV_C_Invoice_VendorMonth	Monthly Invoice Vendor	D	Y	report	-	-	IsReport=Y or a JasperReport is declared
134	C_Invoice_Generate (manual)	Generate Invoices (manual)	D	Y	java-process	org.compiere.process.InvoiceGenerate	-	Classname is set and no report/workflow overrides it
135	AD_ImpFormat Copy	Copy Lines	D	Y	java-process	org.compiere.impexp.CopyImportFormat	-	Classname is set and no report/workflow overrides it
136	PP_Product_BOM	Verify BOM	D	Y	java-process	org.eevolution.process.PP_Product_BOM_Check	-	Classname is set and no report/workflow overrides it
137	M_Production	Create/Post Production	D	Y	java-process	org.compiere.process.M_Production_Run	-	Classname is set and no report/workflow overrides it
138	RV_C_Invoice_CustomerProdQtr	Quarterly Invoice Customer by Product	D	Y	report	-	-	IsReport=Y or a JasperReport is declared
139	RV_C_Invoice_CustomerVendQtr	Quarterly Invoice Customer by Vendor	D	Y	report	-	-	IsReport=Y or a JasperReport is declared
140	M_Product_Category_Acct_Copy	Copy Accounts	D	Y	java-process	org.compiere.process.ProductCategoryAcctCopy	-	Classname is set and no report/workflow overrides it
142	C_Invoice_CreateInOut	Generate Receipt from Invoice	D	Y	java-process	org.compiere.process.InvoiceCreateInOut	-	Classname is set and no report/workflow overrides it
144	C_Cash Process	Process Cash	D	Y	workflow	-	-	AD_Workflow_ID is set, so ProcessCtl starts a workflow
145	RV_Open Items	Open Items	D	Y	report	-	-	IsReport=Y or a JasperReport is declared
146	RV_UnReconciled Payments	UnReconciled Payments	D	Y	report	-	-	IsReport=Y or a JasperReport is declared
147	C_BankStatement_Process	Process Statement	D	Y	workflow	-	-	AD_Workflow_ID is set, so ProcessCtl starts a workflow
148	RV_Payment_Allocation	Allocation	D	Y	report	-	-	IsReport=Y or a JasperReport is declared
149	C_Payment_Process	Process Payment	D	Y	workflow	-	-	AD_Workflow_ID is set, so ProcessCtl starts a workflow
150	C_Allocation_Process	Process Allocation	D	Y	workflow	-	-	AD_Workflow_ID is set, so ProcessCtl starts a workflow
151	RV_C_Invoice (Trx)	Invoice Transactions (Doc)	D	Y	report	-	-	IsReport=Y or a JasperReport is declared
152	RV_C_InvoiceLine	Invoice Detail & Margin	D	Y	report	-	-	IsReport=Y or a JasperReport is declared
153	C_Payment Online	Online Process	D	Y	java-process	org.compiere.process.PaymentOnline	-	Classname is set and no report/workflow overrides it
154	M_InOut_CreateInvoice	Generate Invoice from Receipt	D	Y	java-process	org.compiere.process.InOutCreateInvoice	-	Classname is set and no report/workflow overrides it
155	C_PaySelection_CreatePayment	Prepare Payment	D	Y	java-process	org.compiere.process.PaySelectionCreateCheck	-	Classname is set and no report/workflow overrides it
156	C_PaySelection_CreateFrom	Create From ...	D	Y	java-process	org.compiere.process.PaySelectionCreateFrom	-	Classname is set and no report/workflow overrides it
159	Rpt C_Dunning	Dunning Letter	D	Y	report	-	-	IsReport=Y or a JasperReport is declared
161	RV_M_Transaction	Product Transaction Value	D	Y	report	-	-	IsReport=Y or a JasperReport is declared
162	R_ProjectStatus	Project Status Summary	D	N	report	org.compiere.report.ProjectStatus	-	IsReport=Y or a JasperReport is declared
164	C_Project_Generate	Generate Order	D	Y	java-process	org.compiere.process.ProjectGenOrder	-	Classname is set and no report/workflow overrides it
165	C_Commission_Copy	Copy Lines	D	Y	java-process	org.compiere.process.CommissionCopy	-	Classname is set and no report/workflow overrides it
166	C_CommissionRun_Process	Create Invoice	D	Y	java-process	org.compiere.process.CommissionAPInvoice	-	Classname is set and no report/workflow overrides it
167	C_Period_Process	Open/Close All	D	Y	java-process	org.compiere.process.PeriodStatus	-	Classname is set and no report/workflow overrides it
168	C_PeriodControl_Process	Open/Close	D	Y	java-process	org.compiere.process.PeriodControlStatus	-	Classname is set and no report/workflow overrides it
169	GL_Journal_Process	Process Journal	D	Y	workflow	-	-	AD_Workflow_ID is set, so ProcessCtl starts a workflow
170	RV_Cash_Detail	Cash Journal Detail	D	Y	report	-	-	IsReport=Y or a JasperReport is declared
171	C_Invoice_WriteOff	Receivables Write-Off	D	Y	java-process	org.compiere.process.InvoiceWriteOff	-	Classname is set and no report/workflow overrides it
172	AD_Synchronize	Synchronize Terminology	D	Y	java-process	org.compiere.process.SynchronizeTerminology	-	Classname is set and no report/workflow overrides it
173	AD_Table_CreateColumns	Create Columns from DB	D	Y	java-process	org.compiere.process.TableCreateColumns	-	Classname is set and no report/workflow overrides it
174	AD_Tab_CreateFields	Create Fields	D	Y	java-process	org.compiere.process.TabCreateFields	-	Classname is set and no report/workflow overrides it
175	Fact_Acct_Reset	Resubmit Posting	D	Y	java-process	org.compiere.process.FactAcctReset	-	Classname is set and no report/workflow overrides it
176	Fact_Acct_Reset DELETE	Reset Accounting	D	Y	java-process	org.compiere.process.FactAcctReset	-	Classname is set and no report/workflow overrides it
179	AD_Language_Maintain	Language Maintenance	D	Y	java-process	org.compiere.install.LanguageMaintenance	-	Classname is set and no report/workflow overrides it
180	InventoryValue	Inventory Valuation Report	D	Y	report	org.compiere.process.InventoryValue	-	IsReport=Y or a JasperReport is declared
181	AD_Column Sync	Synchronize Column	D	Y	java-process	org.compiere.process.ColumnSync	-	Classname is set and no report/workflow overrides it
182	M_Cost_Update	Standard Cost Update	D	Y	java-process	org.compiere.process.CostUpdate	-	Classname is set and no report/workflow overrides it
183	RV_Product_Costing	Product Costing Report (old)	D	Y	report	-	-	IsReport=Y or a JasperReport is declared
184	S_TimeExpense_Process	Process Expenses	D	Y	workflow	-	-	AD_Workflow_ID is set, so ProcessCtl starts a workflow
185	DBA_Recompile	Recompile DB Objects	D	Y	sql-procedure	-	DBA_Recompile	ProcedureName is set with no Java class
186	S_ExpenseSOrder	Create Sales Orders from Expense	D	Y	java-process	org.compiere.process.ExpenseSOrder	-	Classname is set and no report/workflow overrides it
187	S_ExpenseAPInvoice	Create AP Expense Invoices	D	Y	java-process	org.compiere.process.ExpenseAPInvoice	-	Classname is set and no report/workflow overrides it
188	GL_JournalBatch_Process	Process Batch	D	Y	workflow	-	-	AD_Workflow_ID is set, so ProcessCtl starts a workflow
189	PA_ReportColumnSet_Copy	Copy Columns	D	Y	java-process	org.compiere.process.ReportColumnSet_Copy	-	Classname is set and no report/workflow overrides it
190	PA_ReportLineSet_Copy	Copy Lines	D	Y	java-process	org.compiere.process.ReportLineSet_Copy	-	Classname is set and no report/workflow overrides it
191	AD_PrintPaper_Default	Set Print Format	D	Y	java-process	org.compiere.process.AD_PrintPaper_Default	-	Classname is set and no report/workflow overrides it
192	AD_PrintFormat_Copy	Copy/Create	D	Y	java-process	org.compiere.print.MPrintFormatProcess	-	Classname is set and no report/workflow overrides it
193	C_Order PO_Create	Generate PO from Sales Order	D	Y	java-process	org.compiere.process.OrderPOCreate	-	Classname is set and no report/workflow overrides it
194	Import_BPartner	Import Business Partners	D	Y	java-process	org.compiere.process.ImportBPartner	-	Classname is set and no report/workflow overrides it
195	R_Request_ReOpen	Reopen Request	D	Y	java-process	org.compiere.process.RequestReOpen	-	Classname is set and no report/workflow overrides it
196	Import_Product	Import Products	D	Y	java-process	org.compiere.process.ImportProduct	-	Classname is set and no report/workflow overrides it
197	Import_Account	Import Accounts	D	Y	java-process	org.compiere.process.ImportAccount	-	Classname is set and no report/workflow overrides it
198	Import_ReportLine	Import Report Line Set	D	Y	java-process	org.compiere.process.ImportReportLine	-	Classname is set and no report/workflow overrides it
199	M_InOut_Generate (manual)	Generate Shipments (manual)	D	Y	java-process	org.compiere.process.InOutGenerate	-	Classname is set and no report/workflow overrides it
200	C_Invoice_Print	Print Invoices	D	Y	java-process	org.compiere.process.InvoicePrint	-	Classname is set and no report/workflow overrides it
201	Asset_Delivery	Deliver Assets	D	Y	java-process	org.compiere.process.AssetDelivery	-	Classname is set and no report/workflow overrides it
202	FinReport	Create Report	D	Y	report	org.compiere.report.FinReport	-	IsReport=Y or a JasperReport is declared
203	Balance_Update	Update Accounting Balance	D	N	report	org.compiere.report.FinBalance	-	IsReport=Y or a JasperReport is declared
204	FinStatement	Statement of Accounts	D	Y	report	org.compiere.report.FinStatement	-	IsReport=Y or a JasperReport is declared
205	Cache Reset	Cache Reset	D	Y	java-process	org.compiere.process.CacheReset	-	Classname is set and no report/workflow overrides it
206	Import_Order	Import Orders	D	Y	java-process	org.compiere.process.ImportOrder	-	Classname is set and no report/workflow overrides it
207	Import_Invoice	Import Invoice	D	Y	java-process	org.compiere.process.ImportInvoice	-	Classname is set and no report/workflow overrides it
208	AD_Replication Run	Start Replication Run	D	Y	java-process	org.compiere.process.ReplicationLocal	-	Classname is set and no report/workflow overrides it
209	R_MailText Send	Send Mail Text	D	Y	java-process	org.compiere.process.SendMailText	-	Classname is set and no report/workflow overrides it
210	C_Invoice CopyFrom	Copy Lines	D	Y	java-process	org.compiere.process.CopyFromInvoice	-	Classname is set and no report/workflow overrides it
211	C_Order CopyFrom	Copy Lines	D	Y	java-process	org.compiere.process.CopyFromOrder	-	Classname is set and no report/workflow overrides it
212	C_Project CopyFrom	Copy Details	D	Y	java-process	org.compiere.process.CopyFromProject	-	Classname is set and no report/workflow overrides it
213	C_Recurring Run	Start Process	D	Y	java-process	org.compiere.process.Recurring	-	Classname is set and no report/workflow overrides it
214	GL_JournalBatch CopyFrom	Copy Details	D	Y	java-process	org.compiere.process.CopyFromJournal	-	Classname is set and no report/workflow overrides it
215	C_Project_SetType	Set Project Type	D	Y	java-process	org.compiere.process.ProjectSetType	-	Classname is set and no report/workflow overrides it
216	C_ProjectPhase_Generate	Generate Order	D	Y	java-process	org.compiere.process.ProjectPhaseGenOrder	-	Classname is set and no report/workflow overrides it
217	Rpt C_Project	Project Print	D	Y	report	-	-	IsReport=Y or a JasperReport is declared
218	RV_ProjectCycle	Project Cycle Report	D	Y	report	-	-	IsReport=Y or a JasperReport is declared
219	Import_Inventory	Import Inventory	D	Y	java-process	org.compiere.process.ImportInventory	-	Classname is set and no report/workflow overrides it
220	Import_GLJournal	Import Journal	D	Y	java-process	org.compiere.process.ImportGLJournal	-	Classname is set and no report/workflow overrides it
221	Import_BankStatement	Import Bank Statement	D	Y	java-process	org.compiere.process.ImportBankStatement	-	Classname is set and no report/workflow overrides it
222	RV_Asset_Customer	Customer Assets	D	Y	report	-	-	IsReport=Y or a JasperReport is declared
223	RV_Asset_Delivery	Asset Delivery Details	D	Y	report	-	-	IsReport=Y or a JasperReport is declared
224	C_Project_Issue	Issue to Project	D	Y	java-process	org.compiere.process.ProjectIssue	-	Classname is set and no report/workflow overrides it
225	C_Project_GeneratePO	Generate PO from Project	D	Y	java-process	org.compiere.process.ProjectGenPO	-	Classname is set and no report/workflow overrides it
226	RV_Project Accounting	Project Detail Accounting Report	D	Y	report	-	-	IsReport=Y or a JasperReport is declared
227	C_Project Close	Close Project	D	Y	java-process	org.compiere.process.ProjectClose	-	Classname is set and no report/workflow overrides it
228	RV_ProjectLine Not Issued	Project Lines not Issued	D	Y	report	-	-	IsReport=Y or a JasperReport is declared
229	RV_ProjectLine Not Received POs	Project POs not Issued	D	Y	report	-	-	IsReport=Y or a JasperReport is declared
230	C_ProjectLine Pricing	Get Price	D	Y	java-process	org.compiere.process.ProjectLinePricing	-	Classname is set and no report/workflow overrides it
231	C_Order QuoteCopy	Quote convert	D	Y	java-process	org.compiere.process.CopyOrder	-	Classname is set and no report/workflow overrides it
232	C_Order RePrice	RePrice Order/Invoice	D	Y	java-process	org.compiere.process.OrderRePrice	-	Classname is set and no report/workflow overrides it
233	C_DocumentType Verify	Verify Document Types	D	Y	java-process	org.compiere.process.DocumentTypeVerify	-	Classname is set and no report/workflow overrides it
234	RV_ProjectLineIssue	Project Margin (Work Order)	D	Y	report	-	-	IsReport=Y or a JasperReport is declared
235	AD_Tree Verify	Verify Tree	D	Y	java-process	org.compiere.process.TreeMaintenance	-	Classname is set and no report/workflow overrides it
236	RV_Storage	Storage Detail	D	Y	report	-	-	IsReport=Y or a JasperReport is declared
237	RV_Transaction	Transaction Detail	D	Y	report	-	-	IsReport=Y or a JasperReport is declared
238	RV_T_Aging	Aging	D	Y	report	org.compiere.process.Aging	-	IsReport=Y or a JasperReport is declared
239	RV_Click_Month	Clicks Monthy	D	Y	report	-	-	IsReport=Y or a JasperReport is declared
240	RV_Click_Unprocessed	Clicks Unprocessed	D	Y	report	-	-	IsReport=Y or a JasperReport is declared
241	AD_NoteDelete	Delete Notices	D	Y	java-process	org.compiere.process.NoteDelete	-	Classname is set and no report/workflow overrides it
242	C_InvoicePaySchedule Validate	Validate	D	Y	java-process	org.compiere.process.InvoicePayScheduleValidate	-	Classname is set and no report/workflow overrides it
243	C_PaymentTerm Validate	Validate	D	Y	java-process	org.compiere.process.PaymentTermValidate	-	Classname is set and no report/workflow overrides it
244	OrgOwnership Warehouse	Warehouse Organization	D	Y	java-process	org.compiere.process.OrgOwnership	-	Classname is set and no report/workflow overrides it
245	OrgOwnership Product	Product Organization	D	Y	java-process	org.compiere.process.OrgOwnership	-	Classname is set and no report/workflow overrides it
246	OrgOwnership BPartner	Business Partner Organization	D	Y	java-process	org.compiere.process.OrgOwnership	-	Classname is set and no report/workflow overrides it
247	Load_BankStatement	Load Bank Statement	D	Y	java-process	org.compiere.process.LoadBankStatement	-	Classname is set and no report/workflow overrides it
248	Import_Delete	Delete Import	D	Y	java-process	org.compiere.process.ImportDelete	-	Classname is set and no report/workflow overrides it
249	Import_ConversionRate	Import Conversion Rate	D	Y	java-process	org.compiere.process.ImportConversionRate	-	Classname is set and no report/workflow overrides it
250	AD_Registration	Register Now!	D	Y	java-process	org.compiere.process.RegisterSystem	-	Classname is set and no report/workflow overrides it
251	RV_C_InvoiceTax	Invoice Tax	D	Y	report	-	-	IsReport=Y or a JasperReport is declared
252	RV_Fact_Acct	Accounting Fact Details	D	Y	report	-	-	IsReport=Y or a JasperReport is declared
253	RV_Fact_Acct_Day	Accounting Fact Daily	D	Y	report	-	-	IsReport=Y or a JasperReport is declared
254	RV_Fact_Acct_Period	Accounting Fact Period	D	Y	report	-	-	IsReport=Y or a JasperReport is declared
255	C_Order Open	Reopen Order	D	Y	java-process	org.compiere.process.OrderOpen	-	Classname is set and no report/workflow overrides it
256	C_BankStatement Match	Match Bank Statement	D	Y	java-process	org.compiere.process.BankStatementMatcher	-	Classname is set and no report/workflow overrides it
257	C_BankStatement Payment	Create Payment	D	Y	java-process	org.compiere.process.BankStatementPayment	-	Classname is set and no report/workflow overrides it
258	AD_Sequence_Check	Sequence Check	D	Y	java-process	org.compiere.process.SequenceCheck	-	Classname is set and no report/workflow overrides it
259	M_DistributionList Create	Create Orders	D	Y	java-process	org.compiere.process.DistributionCreate	-	Classname is set and no report/workflow overrides it
260	C_BPartner Org Link	Link Organization	D	Y	java-process	org.compiere.process.BPartnerOrgLink	-	Classname is set and no report/workflow overrides it
261	C_RfQ_Create	Create & Invite	D	Y	java-process	org.compiere.process.RfQCreate	-	Classname is set and no report/workflow overrides it
262	C_RfQResponse_Invite	Invite & Remind	D	Y	java-process	org.compiere.process.RfQResponseInvite	-	Classname is set and no report/workflow overrides it
263	RV_C_RfQ_UnAnswered	RfQ Unanswered	D	Y	report	-	-	IsReport=Y or a JasperReport is declared
264	RV_C_RfQResponse	RfQ Response	D	Y	report	-	-	IsReport=Y or a JasperReport is declared
265	C_RfQ_ResponseRank	Rank Responses	D	Y	java-process	org.compiere.process.RfQResponseRank	-	Classname is set and no report/workflow overrides it
266	C_RfQ_CreatePO	Create Purchase Order	D	Y	java-process	org.compiere.process.RfQCreatePO	-	Classname is set and no report/workflow overrides it
267	C_RfQ_CreateSO	Create Sales Order	D	Y	java-process	org.compiere.process.RfQCreateSO	-	Classname is set and no report/workflow overrides it
268	C_RfQ_CopyLines	Copy Lines	D	Y	java-process	org.compiere.process.RfQCopyLines	-	Classname is set and no report/workflow overrides it
269	C_RfQ_Close	Close RfQ	D	Y	java-process	org.compiere.process.RfQClose	-	Classname is set and no report/workflow overrides it
270	RV_M_Requisition Open	Open Requisitions	D	Y	report	-	-	IsReport=Y or a JasperReport is declared
271	M_DistributionRun Create	Create Orders	D	Y	java-process	org.compiere.process.DistributionRun	-	Classname is set and no report/workflow overrides it
272	C_BPartner Org UnLink	UnLink Business Partner Org	D	Y	java-process	org.compiere.process.BPartnerOrgUnLink	-	Classname is set and no report/workflow overrides it
273	M_Requisition_Process	Process Requisition	D	Y	workflow	-	-	AD_Workflow_ID is set, so ProcessCtl starts a workflow
274	RV_Asset_SumMonth	Asset Delivery Month	D	Y	report	-	-	IsReport=Y or a JasperReport is declared
275	C_DocTypeCounter Validate	Validate Document Type	D	Y	java-process	org.compiere.process.DocTypeCounterValidate	-	Classname is set and no report/workflow overrides it
276	Rpt C_RfQResponse	RfQ Response Print	D	Y	report	-	-	IsReport=Y or a JasperReport is declared
277	C_RfQResponse_CComplete	Check Complete	D	Y	java-process	org.compiere.process.RfQResponseCComplete	-	Classname is set and no report/workflow overrides it
278	AD_WF_Activity_Manage	Manage Activity	D	Y	java-process	org.compiere.wf.WFActivityManage	-	Classname is set and no report/workflow overrides it
279	AD_WF_Process_Manage	Manage Process	D	Y	java-process	org.compiere.wf.WFProcessManage	-	Classname is set and no report/workflow overrides it
280	M_InOutConfirm_Process	Process Confirmation	D	Y	workflow	-	-	AD_Workflow_ID is set, so ProcessCtl starts a workflow
281	M_InOut_CreateConfirm	Create Confirmation	D	Y	java-process	org.compiere.process.InOutCreateConfirm	-	Classname is set and no report/workflow overrides it
282	M_Package_Create	Create Package	D	Y	java-process	org.compiere.process.PackageCreate	-	Classname is set and no report/workflow overrides it
283	M_RMA_Process	Process RMA	D	Y	workflow	-	-	AD_Workflow_ID is set, so ProcessCtl starts a workflow
284	RV_InOutLineConfirm Open	Open Confirmation Details	D	Y	report	-	-	IsReport=Y or a JasperReport is declared
285	RV_InOutConfirm Open	Open Confirmations	D	Y	report	-	-	IsReport=Y or a JasperReport is declared
286	M_MovementConfirm_Process	Process Confirmation	D	Y	workflow	-	-	AD_Workflow_ID is set, so ProcessCtl starts a workflow
287	RV_PrintFormatDetail	Print Format Detail	D	Y	report	-	-	IsReport=Y or a JasperReport is declared
288	AD_User_Password	Reset Password	D	Y	java-process	org.compiere.process.UserPassword	-	Classname is set and no report/workflow overrides it
289	C_DunningRun_Create	Create Dunning Run	D	Y	java-process	org.compiere.process.DunningRunCreate	-	Classname is set and no report/workflow overrides it
290	Rpt M_Movement	Inventory Move Print	D	Y	report	-	-	IsReport=Y or a JasperReport is declared
291	Rpt M_Inventory	Physical Inventory Print	D	Y	report	-	-	IsReport=Y or a JasperReport is declared
292	Rpt M_InOutConfirm	Shipment Confirmation	D	Y	report	-	-	IsReport=Y or a JasperReport is declared
293	RV_InOutDetails Receive	Material Receipt Details	D	Y	report	-	-	IsReport=Y or a JasperReport is declared
294	RV_InOutDetails Ship	Shipment Details	D	Y	report	-	-	IsReport=Y or a JasperReport is declared
295	AD_Role_AccessUpdate	Role Access Update	D	Y	java-process	org.compiere.process.RoleAccessUpdate	-	Classname is set and no report/workflow overrides it
296	Import_InOutConfirm	Import Confirmations	D	Y	java-process	org.compiere.process.ImportInOutConfirm	-	Classname is set and no report/workflow overrides it
297	PA_SLA_Goal_Calculate	Capture + Calculate Measures	D	Y	java-process	org.compiere.sla.SLAGoalProcess	-	Classname is set and no report/workflow overrides it
298	PA_SLA_Measure_Calculate	Calculate Measures	D	Y	java-process	org.compiere.sla.SLAMeasureProcess	-	Classname is set and no report/workflow overrides it
299	GL_Distribution_Verify	Verify	D	Y	java-process	org.compiere.process.DistributionVerify	-	Classname is set and no report/workflow overrides it
300	M_MatchInv_Delete	Delete	D	Y	java-process	org.compiere.process.MatchInvDelete	-	Classname is set and no report/workflow overrides it
301	M_MatchPO_Delete	Delete	D	Y	java-process	org.compiere.process.MatchPODelete	-	Classname is set and no report/workflow overrides it
302	C_Allocation_Auto	Auto Allocation	D	Y	java-process	org.compiere.process.AllocationAuto	-	Classname is set and no report/workflow overrides it
303	C_Allocation_Reset	Reset Allocation	D	Y	java-process	org.compiere.process.AllocationReset	-	Classname is set and no report/workflow overrides it
304	AD_Workflow_Validate	Validate Workflow	D	Y	java-process	org.compiere.wf.WorkflowValidate	-	Classname is set and no report/workflow overrides it
305	AD_Workflow DocValue	Document Value based Workflows	D	Y	declaration-only	-	-	no Classname, ProcedureName, workflow or report
306	AD_ChangeLog_UnDo	Un-Do Changes	D	Y	java-process	org.compiere.process.ChangeLogProcess	-	Classname is set and no report/workflow overrides it
307	AD_ChangeLog_ReDo	Re-Do Changes	D	Y	java-process	org.compiere.process.ChangeLogProcess	-	Classname is set and no report/workflow overrides it
308	AD_ChangeLog_Custom	Reapply Customizations	D	Y	java-process	org.compiere.process.ChangeLogProcess	-	Classname is set and no report/workflow overrides it
309	AD_WF_ToClient	Workflow to Client	D	Y	java-process	org.compiere.wf.WorkflowMoveToClient	-	Classname is set and no report/workflow overrides it
310	FinTrialBalance	Trial Balance	D	Y	report	org.compiere.report.TrialBalance	-	IsReport=Y or a JasperReport is declared
311	M_Product_UOMConvert	Product UOM Convert	D	Y	java-process	org.compiere.process.ProductUOMConvert	-	Classname is set and no report/workflow overrides it
312	C_DunningPrint	Print Dunning Letters	D	Y	java-process	org.compiere.process.DunningPrint	-	Classname is set and no report/workflow overrides it
313	Rpt C_Payment	Payment Print	D	Y	report	-	-	IsReport=Y or a JasperReport is declared
314	C_BPartner Validate	Validate Business Partner	D	Y	java-process	org.compiere.process.BPartnerValidate	-	Classname is set and no report/workflow overrides it
315	C_Order BatchProcess	Order Batch Process	D	Y	java-process	org.compiere.process.OrderBatchProcess	-	Classname is set and no report/workflow overrides it
316	C_Invoice NotAllocated	UnAllocated Invoices	D	Y	report	-	-	IsReport=Y or a JasperReport is declared
317	C_Payment NotAllocated	UnAllocated Payments	D	Y	report	-	-	IsReport=Y or a JasperReport is declared
318	RV_Payment	Payment Details	D	Y	report	-	-	IsReport=Y or a JasperReport is declared
319	RV_BPartnerOpen	Business Partner Open	D	Y	report	-	-	IsReport=Y or a JasperReport is declared
320	RV_CommissionRunDetail	Commission Run Detail	D	Y	report	-	-	IsReport=Y or a JasperReport is declared
321	TranslationDocSync	Synchronize Doc Translation	D	Y	java-process	org.compiere.process.TranslationDocSync	-	Classname is set and no report/workflow overrides it
322	M_TransactionXRef	Material Reference	D	Y	report	org.compiere.process.TransactionXRef	-	IsReport=Y or a JasperReport is declared
323	C_InvoceBatch_Process	Create Invoices	D	Y	java-process	org.compiere.process.InvoiceBatchProcess	-	Classname is set and no report/workflow overrides it
324	R_RequestInvoice	Invoice Requests	D	Y	java-process	org.compiere.process.RequestInvoice	-	Classname is set and no report/workflow overrides it
325	M_StorageCleanup	Storage Cleanup	D	Y	java-process	org.compiere.process.StorageCleanup	-	Classname is set and no report/workflow overrides it
326	T_InvoiceNGL	Invoice Not Realized Gain/Loss	D	Y	report	org.compiere.process.InvoiceNGL	-	IsReport=Y or a JasperReport is declared
327	AD_Client EMailTest	Test EMail	D	Y	java-process	org.compiere.process.EMailTest	-	Classname is set and no report/workflow overrides it
328	AD_ColumnEncryption	Column Encryption	D	Y	java-process	org.compiere.process.ColumnEncryption	-	Classname is set and no report/workflow overrides it
329	RV_Cost	Product Cost	D	Y	report	-	-	IsReport=Y or a JasperReport is declared
330	RV_CostSummary	Product Cost Summary	D	Y	report	-	-	IsReport=Y or a JasperReport is declared
331	RV_CostDetail	Product Cost Detail	D	Y	report	-	-	IsReport=Y or a JasperReport is declared
332	C_LandedCost_Distribution	Distribute Costs	D	Y	java-process	org.compiere.process.LandedCostDistribute	-	Classname is set and no report/workflow overrides it
333	RV_OrderDetail	Order Detail	D	Y	report	-	-	IsReport=Y or a JasperReport is declared
334	RV_BPartner	Business Partner Detail	D	Y	report	-	-	IsReport=Y or a JasperReport is declared
335	M_Cost Create	Create Costing Records	D	Y	java-process	org.compiere.process.CostCreate	-	Classname is set and no report/workflow overrides it
336	C_TaxDeclaration Create	Create Tax Declaration	D	Y	java-process	org.compiere.process.TaxDeclarationCreate	-	Classname is set and no report/workflow overrides it
337	M_Requisition_POCreate	Create PO from Requisition	D	Y	java-process	org.compiere.process.RequisitionPOCreate	-	Classname is set and no report/workflow overrides it
338	C_AcctSchema_CopyAcct	Create GL/Default	D	Y	java-process	org.compiere.process.AcctSchemaCopyAcct	-	Classname is set and no report/workflow overrides it
339	AD_Issue Report	Report or Update Issue	D	Y	java-process	org.compiere.process.IssueReport	-	Classname is set and no report/workflow overrides it
340	RV_C_Invoice_ProductMonth	Monthly Invoice Product	D	Y	report	-	-	IsReport=Y or a JasperReport is declared
341	RV_C_Invoice_ProductQtr	Quarter Invoice Product	D	Y	report	-	-	IsReport=Y or a JasperReport is declared
342	AD_System Validate Support	Validate Support	D	Y	java-process	org.compiere.process.SystemValidate	-	Classname is set and no report/workflow overrides it
343	Import_Payment	Import Payments	D	Y	java-process	org.compiere.process.ImportPayment	-	Classname is set and no report/workflow overrides it
344	CM_CStage_Validate	Validate	D	Y	java-process	org.compiere.cm.CStageValidate	-	Classname is set and no report/workflow overrides it
345	CM_Deploy	Deploy Web Project	D	Y	java-process	org.compiere.cm.WebProjectDeploy	-	Classname is set and no report/workflow overrides it
346	M_Product_BOMs	Verify BOMs	D	Y	java-process	org.compiere.process.BOMValidate	-	Classname is set and no report/workflow overrides it
347	CM_Template_Validate	Validate	D	Y	java-process	org.compiere.cm.TemplateValidate	-	Classname is set and no report/workflow overrides it
348	AD_EntityType_Register	Register Extension	D	Y	java-process	org.compiere.process.EntityTypeRegister	-	Classname is set and no report/workflow overrides it
349	AD_InfoWindow_Validate	Validate	D	Y	java-process	org.compiere.process.InfoWindowValidate	-	Classname is set and no report/workflow overrides it
350	K_Index_ReRun	Rebuild Index	D	Y	java-process	org.compiere.process.KIndexRerun	-	Classname is set and no report/workflow overrides it
352	CM_Media_DirectDeploy	Media Direct Deploy	D	Y	java-process	org.compiere.cm.MediaDirectDeploy	-	Classname is set and no report/workflow overrides it
50002	PackRoll	PackRoll	D	Y	java-process	org.adempiere.pipo.PackRoll	-	Classname is set and no report/workflow overrides it
50004	PackOut	PackOut	D	Y	java-process	org.adempiere.pipo.PackOut	-	Classname is set and no report/workflow overrides it
50006	File_Select	File_Select	D	Y	java-process	com.compiere.packbuilder.Select_File	-	Classname is set and no report/workflow overrides it
50008	PackIn	PackIn	D	Y	java-process	org.adempiere.pipo.PackIn	-	Classname is set and no report/workflow overrides it
50010	CopyRole	Copy Role	D	Y	java-process	org.compiere.process.CopyRole	-	Classname is set and no report/workflow overrides it
50011	AD_Table_CopyColumnsFromTable	Copy Columns from Table	D	Y	java-process	org.compiere.process.CopyColumnsFromTable	-	Classname is set and no report/workflow overrides it
50012	Request EMail Processor	Request EMail Processor	D	Y	java-process	org.compiere.process.RequestEMailProcessor	-	Classname is set and no report/workflow overrides it
52000	M_RMA_CreateOrder	Create Order From RMA	D	Y	java-process	org.adempiere.process.RMACreateOrder	-	Classname is set and no report/workflow overrides it
52001	M_InOut_GenerateRMA (Manual)	Generate Shipments for Vendor RMA	D	Y	java-process	org.adempiere.process.InOutGenerateRMA	-	Classname is set and no report/workflow overrides it
52002	C_Invoice_GenerateRMA (Manual)	Generate Invoices for Vendor RMA	D	Y	java-process	org.adempiere.process.InvoiceGenerateRMA	-	Classname is set and no report/workflow overrides it
52003	U_RoleMenu_Update	Update Role Menu	D	Y	java-process	org.adempiere.process.UpdateRoleMenu	-	Classname is set and no report/workflow overrides it
53002	Setup Web POS	Setup Web POS	D	Y	java-process	org.posterita.process.SetupWebPOS	-	Classname is set and no report/workflow overrides it
53004	PP_Product_BOM CopyFrom	PP_Product_BOM CopyFrom	EE01	Y	java-process	org.eevolution.process.CopyFromBOM	-	Classname is set and no report/workflow overrides it
53006	PP_Multi Level BOM & Formula	Multi Level BOM & Formula Detail	EE01	Y	report	org.eevolution.process.PrintBOM	-	IsReport=Y or a JasperReport is declared
53008	PP_Mutiple Components Change	Mutiple Components Change	EE01	Y	java-process	org.eevolution.process.ComponentChange	-	Classname is set and no report/workflow overrides it
53010	PP_Product_Planning	Create Product Planning	EE01	Y	java-process	org.eevolution.process.CreateProductPlanning	-	Classname is set and no report/workflow overrides it
53012	PP_Calculate Low Level	Calculate Low Level	EE01	Y	java-process	org.eevolution.process.CalculateLowLevel	-	Classname is set and no report/workflow overrides it
53014	PP_Create Record MRP	Create Record MRP	EE01	Y	java-process	org.eevolution.process.MRPUpdate	-	Classname is set and no report/workflow overrides it
53016	PP_Calculate Material Plan	Calculate Material Plan	EE01	Y	java-process	org.eevolution.process.MRP	-	Classname is set and no report/workflow overrides it
53018	RV_PP_MRP	MRP Details	EE01	Y	report	-	-	IsReport=Y or a JasperReport is declared
53020	PP_Calculate Capacity Plan	Calculate Capacity Plan	EE01	Y	java-process	org.eevolution.process.CRP	-	Classname is set and no report/workflow overrides it
53022	DD_Calculate Distribution Plan	Calculate Distribution Plan	EE01	Y	java-process	org.eevolution.process.MRP	-	Classname is set and no report/workflow overrides it
53024	RV_DD_DRP	DRP Details	EE01	Y	report	-	-	IsReport=Y or a JasperReport is declared
53026	PP_Order	Process Manufacturing Order	EE01	Y	workflow	-	-	AD_Workflow_ID is set, so ProcessCtl starts a workflow
53028	Rpt PP_Order	Manufacturing Order	D	Y	report	-	-	IsReport=Y or a JasperReport is declared
53030	PP_Manufacturing Orders Review	Manufacturing Orders Review	EE01	Y	report	-	-	IsReport=Y or a JasperReport is declared
53032	PP_Component Check	Component Check	EE01	Y	report	-	-	IsReport=Y or a JasperReport is declared
53034	PP_Print & Release Order	Print & Release Order	EE01	Y	java-process	org.eevolution.process.CompletePrintOrder	-	Classname is set and no report/workflow overrides it
53036	RV_PP_Inventory in Process	Inventory in Process	EE01	Y	report	-	-	IsReport=Y or a JasperReport is declared
53038	PP_Cost_Collector	Process Cost Collector	EE01	Y	workflow	-	-	AD_Workflow_ID is set, so ProcessCtl starts a workflow
53040	RV_PP_Operation_Activity	Shop Floor Transaction Details	EE01	Y	report	-	-	IsReport=Y or a JasperReport is declared
53042	DD_Order Process	Process Distribution Order	EE01	Y	workflow	-	-	AD_Workflow_ID is set, so ProcessCtl starts a workflow
53044	Rpt DD_Order	Distribution Order Print	EE01	Y	report	-	-	IsReport=Y or a JasperReport is declared
53046	M_Generate Movement	Generate Movement	EE01	Y	java-process	org.eevolution.process.MovementGenerate	-	Classname is set and no report/workflow overrides it
53048	QM_Print Test Results	Print Test Results	EE01	Y	report	-	-	IsReport=Y or a JasperReport is declared
53050	PP_Create DocType	Create Doc Type to Manufacturing	D	Y	java-process	org.eevolution.process.CreateDocType	-	Classname is set and no report/workflow overrides it
53052	PP_Cost_Element	Create Element	EE01	Y	java-process	org.eevolution.process.CreateCostElement	-	Classname is set and no report/workflow overrides it
53054	RV_PP_Product_Costing	Product Costing	EE01	N	report	-	-	IsReport=Y or a JasperReport is declared
53056	PP_Copy Price to Standard Cost	Copy Price to Standard Cost	EE01	Y	java-process	org.eevolution.process.CopyPriceToStandard	-	Classname is set and no report/workflow overrides it
53058	PP_Workflow Cost Roll-Up	Workflow Cost Roll-Up	EE01	Y	java-process	org.eevolution.process.RollupWorkflow	-	Classname is set and no report/workflow overrides it
53060	PP_Cost Workflow & Process Review	Cost Workflow & Process Details	EE01	N	declaration-only	-	-	no Classname, ProcedureName, workflow or report
53062	PP_Bill of Material Cost Roll-UP	Bill of Material & Formula Cost Roll-UP	EE01	Y	java-process	org.eevolution.process.RollupBillOfMaterial	-	Classname is set and no report/workflow overrides it
53063	FinReportJasper	Create Report (Jasper)	D	Y	java-process	org.compiere.report.FinReportJasper	-	Classname is set and no report/workflow overrides it
53065	ASP Generate Fields	ASP Generate Fields	D	Y	java-process	org.adempiere.process.ASPGenerateFields	-	Classname is set and no report/workflow overrides it
53067	ASP Generate Level	ASP Generate Level	D	Y	java-process	org.adempiere.process.ASPGenerateLevel	-	Classname is set and no report/workflow overrides it
53068	Sequence_No_Update	Update Sequence No	D	Y	java-process	org.adempiere.process.UpdateSequenceNo	-	Classname is set and no report/workflow overrides it
53069	ApplyMigrationScripts	Apply Migration Scripts	D	Y	java-process	org.adempiere.process.ApplyMigrationScripts	-	Classname is set and no report/workflow overrides it
53070	PrepareMigrationScripts	Prepare Migration Scripts	D	Y	java-process	org.adempiere.process.PrepareMigrationScripts	-	Classname is set and no report/workflow overrides it
53072	C_Invoce Calculate Tax	C_Invoce Calculate Tax	EE04	Y	java-process	org.eevolution.process.InvoiceCalculateTax	-	Classname is set and no report/workflow overrides it
53074	EXP_Format TestImportModel	Test Import Model	EE05	Y	java-process	org.adempiere.process.rpl.imp.ModelImporter	-	Classname is set and no report/workflow overrides it
53076	HR_Process Process	Process Payroll	EE02	Y	workflow	-	-	AD_Workflow_ID is set, so ProcessCtl starts a workflow
53078	HR_Payroll Concept	Create Concept for Payroll	EE02	Y	java-process	org.eevolution.process.HRCreateConcept	-	Classname is set and no report/workflow overrides it
53080	HR_Payroll Period	HRPayroll Create Periods	EE02	Y	java-process	org.eevolution.process.HRCreatePeriods	-	Classname is set and no report/workflow overrides it
53082	HR_PayrollProcessing	Payroll Processing	EE02	Y	java-process	org.eevolution.process.PayrollProcessing	-	Classname is set and no report/workflow overrides it
53084	HR_Payroll Send EMail	Payroll Send EMail	EE02	Y	java-process	org.eevolution.process.PayrollViaEMail	-	Classname is set and no report/workflow overrides it
53085	EXP_Format Generator	Export Format Generator	EE05	Y	java-process	org.eevolution.process.ExportFormatGenerator	-	Classname is set and no report/workflow overrides it
53089	EXP_Format TestExportModel	Test Export Model	EE05	Y	java-process	org.adempiere.process.rpl.exp.ModelExporter	-	Classname is set and no report/workflow overrides it
53091	Import_FAJournal	Import FA Journal	D	Y	java-process	org.compiere.FA.ImportFAJournal2	-	Classname is set and no report/workflow overrides it
53093	A_Build_Depr_Forefile	Build Depreciation Forecast File	D	Y	report	org.compiere.FA.BuildDepForecastFile	-	IsReport=Y or a JasperReport is declared
53095	A_Asset_Process_Entry	Process Entry	D	N	sql-procedure	-	A_DEPRECIATION_ENTRY_PROC	ProcedureName is set with no Java class
53097	RV_Asset_Disposal_Entry_Rpt	Asset Disposal Expense Entry Rpt	D	Y	report	-	-	IsReport=Y or a JasperReport is declared
53099	RV_Asset_Transfer_Entry	Asset Transfer Entry	D	Y	report	-	-	IsReport=Y or a JasperReport is declared
53101	A_Asset_Split	A_Asset_Split	D	Y	java-process	org.compiere.FA.AssetSplit	-	Classname is set and no report/workflow overrides it
53103	A_Asset_Disposal	A_Asset_Disposal	D	Y	java-process	org.compiere.FA.AssetDisposed	-	Classname is set and no report/workflow overrides it
53105	A_Depreciation_Transfer	A_Depreciation_Transfer	D	Y	java-process	org.compiere.FA.AssetTransfer	-	Classname is set and no report/workflow overrides it
53107	RV_Asset_Split_Entry	Asset Split Entry	D	Y	report	-	-	IsReport=Y or a JasperReport is declared
53109	RV_Asset_Depreciation_Exp_Entry	Depreciation Expense Entry	D	Y	report	-	-	IsReport=Y or a JasperReport is declared
53111	A_Build_Depr_Workfile	Build Depreciation Workfile	D	Y	java-process	org.compiere.FA.BuildDepWorkFile	-	Classname is set and no report/workflow overrides it
53113	RV_Asset_Depreciation_Forecast	Asset Depreciation Forecast	D	Y	report	-	-	IsReport=Y or a JasperReport is declared
53115	RV_Asset_Parent_Report	RV_Asset_Parent_Report	D	Y	report	-	-	IsReport=Y or a JasperReport is declared
53117	RV_Depreciation_Table	RV_Depreciation_Table	D	Y	report	-	-	IsReport=Y or a JasperReport is declared
53119	RV_Asset_Spread_Rpt	Spread Report	D	Y	report	-	-	IsReport=Y or a JasperReport is declared
53121	RV_Asset_Depreciation_Method	RV_Asset_Depreciation_Method	D	Y	report	-	-	IsReport=Y or a JasperReport is declared
53123	A_Create_Function	Create Depreciation Function	D	Y	sql-procedure	-	A_Create_Function	ProcedureName is set with no Java class
53125	RV_Asset_Convention_Rpt	RV_Asset_Convention_Rpt	D	Y	report	-	-	IsReport=Y or a JasperReport is declared
53127	A_Depreciation_Entry_Cleanup	A_Depreciation_Entry_Cleanup	D	N	sql-procedure	-	A_Depreciation_Entry_Cleanup	ProcedureName is set with no Java class
53129	RV_Depreciation_Calculation_Methods	RV_Depreciation_Calculation_Methods	D	Y	report	-	-	IsReport=Y or a JasperReport is declared
53131	RV_Asset_Group_Defaults	RV_Asset_Group_Defaults	D	Y	report	-	-	IsReport=Y or a JasperReport is declared
53133	A_InboundChrgGL	Inbound Charges for GL	D	Y	java-process	org.compiere.FA.CreateGLAsset	-	Classname is set and no report/workflow overrides it
53135	RV_Asset_Inbound_Charge_Entry	Inbound Charge Entry Report	D	Y	report	-	-	IsReport=Y or a JasperReport is declared
53137	A_InboundChrgAP	Inbound Charges for AP	D	Y	java-process	org.compiere.FA.CreateInvoicedAsset	-	Classname is set and no report/workflow overrides it
53139	Import Asset	Import Asset	D	Y	java-process	org.compiere.FA.ImportAsset	-	Classname is set and no report/workflow overrides it
53144	RV_M_Forecast	Forecast Report	EE01	Y	report	-	-	IsReport=Y or a JasperReport is declared
53146	RV_M_Forecast_Period	Forecast Report by Period	EE01	Y	report	-	-	IsReport=Y or a JasperReport is declared
53148	M_Forecast Calculate	Calculate Forecast	EE01	Y	report	@script:beanshell:	-	IsReport=Y or a JasperReport is declared
53150	M_DistributionRun Orders	Distribution Run Orders	EE01	Y	java-process	org.eevolution.process.DistributionRunOrders	-	Classname is set and no report/workflow overrides it
53151	RV_DD_OrderDetail	Distribution Order Detail	EE01	Y	report	-	-	IsReport=Y or a JasperReport is declared
53152	ImmediateBankTransfer	Immediate Bank Transfer	D	Y	java-process	org.adempiere.process.ImmediateBankTransfer	-	Classname is set and no report/workflow overrides it
53153	C_BankStatement BankTransfer	Bank Transfer	D	Y	java-process	org.eevolution.process.BankTransfer	-	Classname is set and no report/workflow overrides it
53154	HouseKeepingPara	HouseKeeping	D	Y	java-process	org.adempiere.process.HouseKeeping	-	Classname is set and no report/workflow overrides it
53155	HouseKeeping	House Keeping	D	Y	java-process	org.adempiere.process.HouseKeeping	-	Classname is set and no report/workflow overrides it
53156	AD_Native_Sequence_Enable	Enable Native Sequence	D	Y	java-process	org.eevolution.process.EnableNativeSequence	-	Classname is set and no report/workflow overrides it
53159	PP_CostBillOfMaterial	Cost BOM Multi Level Review	EE01	Y	report	org.eevolution.report.CostBillOfMaterial	-	IsReport=Y or a JasperReport is declared
53160	PP_Cost Frozen/UnFrozen	Frozen/UnFrozen Cost	EE01	Y	java-process	org.eevolution.process.FrozenUnFrozenCost	-	Classname is set and no report/workflow overrides it
53161	InitialClientSetup	Initial Client Setup Process	D	Y	java-process	org.adempiere.process.InitialClientSetup	-	Classname is set and no report/workflow overrides it
53163	Import_Price_List	Import Price Lists	D	Y	java-process	org.adempiere.process.ImportPriceList	-	Classname is set and no report/workflow overrides it
53166	FactAcctSummary	Recalculate Cube	D	Y	java-process	org.compiere.process.FactAcctSummary	-	Classname is set and no report/workflow overrides it
53176	RV_Order_Trx	Order Transactions	D	Y	report	-	-	IsReport=Y or a JasperReport is declared
53179	CopyFromProcess	Copy From Report and Process	D	Y	java-process	org.compiere.process.CopyReportProcess	-	Classname is set and no report/workflow overrides it
53187	Client_Acct_Processor	Client Accounting Processor	D	Y	java-process	org.adempiere.process.ClientAcctProcessor	-	Classname is set and no report/workflow overrides it
53189	RV_Storage_Per_Product	Storage per Product	D	Y	report	-	-	IsReport=Y or a JasperReport is declared
53197	Import_PayrollMovement	Import Payroll Movement	EE02	Y	java-process	org.eevolution.process.ImportPayrollMovement	-	Classname is set and no report/workflow overrides it
53199	C_Allocation_Reset_Direct	Reset Allocation Direct	D	Y	java-process	org.compiere.process.AllocationReset	-	Classname is set and no report/workflow overrides it
53200	Import_ProductPlanning	Import Product Planning and Forecast	EE01	Y	java-process	org.eevolution.process.ImportProductPlanning	-	Classname is set and no report/workflow overrides it
53202	C_POSKeyGenerate	POS Key Generate	D	Y	java-process	org.compiere.process.PosKeyGenerate	-	Classname is set and no report/workflow overrides it
53206	M_Product CopyFrom	Copy from product	D	Y	java-process	org.compiere.process.CopyProduct	-	Classname is set and no report/workflow overrides it
53216	ImportInventoryMovement	ImportInventoryMovement	EE01	Y	java-process	org.eevolution.process.ImportInventoryMove	-	Classname is set and no report/workflow overrides it
53231	Import_ProductBOM	Import Product BOM	EE01	Y	java-process	org.eevolution.process.ImportProductBOM	-	Classname is set and no report/workflow overrides it
