route_id	context	method	path	body_shape	expected_status	proof_strength	notes
/::AdRedirector::/AdRedirector	/	GET	/AdRedirector	none	500	exact-servlet-dispatch	none
/::Broadcast::/	/	GET	/	none	302	exact-servlet-dispatch	none
/::CacheService::/cache/*	/	GET	/cache/	none	200	exact-servlet-dispatch	path-prefix-mapping-probed-at-prefix-root
/::Community::/communityServlet	/	GET	/communityServlet	none	500	exact-servlet-dispatch	none
/::MediaBroadcast::/media/*	/	GET	/media/	none	302	exact-servlet-dispatch	path-prefix-mapping-probed-at-prefix-root
/::RequestServlet::/requestServlet	/	GET	/requestServlet	none	302	exact-servlet-dispatch	none
/::StageBroadcast::/stage/*	/	GET	/stage/	none	302	exact-servlet-dispatch	path-prefix-mapping-probed-at-prefix-root
/::XMLBroadcast::/xml/*	/	GET	/xml/	none	500	exact-servlet-dispatch	path-prefix-mapping-probed-at-prefix-root
/adempiere::WAccount::/WAccount	/adempiere	GET	/adempiere/WAccount	none	200	exact-servlet-dispatch	none
/adempiere::WAttachment::/WAttachment	/adempiere	GET	/adempiere/WAttachment	none	200	exact-servlet-dispatch	none
/adempiere::WChat::/WChat	/adempiere	GET	/adempiere/WChat	none	200	exact-servlet-dispatch	none
/adempiere::WFieldUpdate::/WFieldUpdate	/adempiere	GET	/adempiere/WFieldUpdate	none	200	exact-servlet-dispatch	none
/adempiere::WFilter::/*	/adempiere	GET	/adempiere/	none	200	context-reachability-only	filter-covered-via-context-routes
/adempiere::WFindAdv::/WFindAdv	/adempiere	GET	/adempiere/WFindAdv	none	200	exact-servlet-dispatch	none
/adempiere::WHelp::/WHelp	/adempiere	GET	/adempiere/WHelp	none	200	exact-servlet-dispatch	none
/adempiere::WLocation::/WLocation	/adempiere	GET	/adempiere/WLocation	none	200	exact-servlet-dispatch	none
/adempiere::WLogin::/WLogin	/adempiere	GET	/adempiere/WLogin	none	200	exact-servlet-dispatch	none
/adempiere::WLookup::/WLookup	/adempiere	GET	/adempiere/WLookup	none	200	exact-servlet-dispatch	none
/adempiere::WMenu::/WMenu	/adempiere	GET	/adempiere/WMenu	none	200	exact-servlet-dispatch	none
/adempiere::WProcess::/WProcess	/adempiere	GET	/adempiere/WProcess	none	200	exact-servlet-dispatch	none
/adempiere::WReport::/WReport	/adempiere	GET	/adempiere/WReport	none	200	exact-servlet-dispatch	none
/adempiere::WRequest::/WRequest	/adempiere	GET	/adempiere/WRequest	none	200	exact-servlet-dispatch	none
/adempiere::WStart::/WStart	/adempiere	GET	/adempiere/WStart	none	200	exact-servlet-dispatch	none
/adempiere::WStatus::/WStatus	/adempiere	GET	/adempiere/WStatus	none	200	exact-servlet-dispatch	none
/adempiere::WTask::/WTask	/adempiere	GET	/adempiere/WTask	none	200	exact-servlet-dispatch	none
/adempiere::WValuePreference::/WValuePreference	/adempiere	GET	/adempiere/WValuePreference	none	200	exact-servlet-dispatch	none
/adempiere::WWindow::/WWindow	/adempiere	GET	/adempiere/WWindow	none	200	exact-servlet-dispatch	none
/adempiere::WWorkflow::/WWorkflow	/adempiere	GET	/adempiere/WWorkflow	none	200	exact-servlet-dispatch	none
/adempiere::WZoom::/WZoom	/adempiere	GET	/adempiere/WZoom	none	200	exact-servlet-dispatch	none
/admin::AdempiereMonitor::/adempiereMonitor/*	/admin	GET	/admin/adempiereMonitor/	none	401	exact-servlet-dispatch	path-prefix-mapping-probed-at-prefix-root
/admin::AdempiereMonitorFilter::/adempiereMonitor/*	/admin	GET	/admin/adempiereMonitor/	none	401	exact-servlet-dispatch	path-prefix-mapping-probed-at-prefix-root
/admin::JnlpDownloadServlet::*.jnlp	/admin	GET	/admin/phase5b-probe.jnlp	none	404	exact-servlet-dispatch	extension-mapping-probed-with-absent-resource
/admin::StatusInfo::/statusInfo	/admin	GET	/admin/statusInfo	none	200	exact-servlet-dispatch	none
/mobile::DisplayChart::/DisplayChart	/mobile	GET	/mobile/DisplayChart	none	200	exact-servlet-dispatch	none
/mobile::LoginDynUpdate::/LoginDynUpdate	/mobile	GET	/mobile/LoginDynUpdate	none	200	exact-servlet-dispatch	none
/mobile::WFieldUpdate::/WFieldUpdate	/mobile	GET	/mobile/WFieldUpdate	none	200	exact-servlet-dispatch	none
/mobile::WFilter::/*	/mobile	GET	/mobile/	none	200	context-reachability-only	filter-covered-via-context-routes
/mobile::WFindAdv::/WFindAdv	/mobile	GET	/mobile/WFindAdv	none	200	exact-servlet-dispatch	none
/mobile::WHelp::/WHelp	/mobile	GET	/mobile/WHelp	none	200	exact-servlet-dispatch	none
/mobile::WLocation::/WLocation	/mobile	GET	/mobile/WLocation	none	200	exact-servlet-dispatch	none
/mobile::WLogin::/WLogin	/mobile	GET	/mobile/WLogin	none	200	exact-servlet-dispatch	none
/mobile::WLookup::/WLookup	/mobile	GET	/mobile/WLookup	none	200	exact-servlet-dispatch	none
/mobile::WMenu::/WMenu	/mobile	GET	/mobile/WMenu	none	200	exact-servlet-dispatch	none
/mobile::WProcess::/WProcess	/mobile	GET	/mobile/WProcess	none	200	exact-servlet-dispatch	none
/mobile::WReport::/WReport	/mobile	GET	/mobile/WReport	none	200	exact-servlet-dispatch	none
/mobile::WWindow::/WWindow	/mobile	GET	/mobile/WWindow	none	200	exact-servlet-dispatch	none
/mobile::WZoom::/WZoom	/mobile	GET	/mobile/WZoom	none	200	exact-servlet-dispatch	none
/webui::auEngine::/zkau/*	/webui	GET	/webui/zkau/	none	200	exact-servlet-dispatch	path-prefix-mapping-probed-at-prefix-root
/webui::dspLoader::*.dsp	/webui	GET	/webui/theme/default/css/theme.css.dsp	none	200	exact-servlet-dispatch	concrete-resource-for-extension-mapping
/webui::requestFilter::/*	/webui	GET	/webui/	none	200	context-reachability-only	filter-covered-via-context-routes
/webui::timelineFeed::/timeline	/webui	GET	/webui/timeline	none	200	exact-servlet-dispatch	none
/webui::zkLoader::*.zhtml	/webui	GET	/webui/phase5b-probe.zhtml	none	404	exact-servlet-dispatch	extension-mapping-probed-with-absent-resource
/webui::zkLoader::*.zul	/webui	GET	/webui/index.zul	none	200	exact-servlet-dispatch	concrete-resource-for-extension-mapping
/wstore::AdvertisementServlet::/advertisementServlet/*	/wstore	GET	/wstore/advertisementServlet/	none	302	exact-servlet-dispatch	path-prefix-mapping-probed-at-prefix-root
/wstore::AssetServlet::/assetServlet/*	/wstore	GET	/wstore/assetServlet/	none	200	exact-servlet-dispatch	path-prefix-mapping-probed-at-prefix-root
/wstore::Basket::/basket.jsp/*	/wstore	GET	/wstore/basket.jsp/	none	200	exact-servlet-dispatch	path-prefix-mapping-probed-at-prefix-root
/wstore::BasketServlet::/basketServlet	/wstore	GET	/wstore/basketServlet	none	200	exact-servlet-dispatch	none
/wstore::CheckOutServlet::/checkOutServlet	/wstore	GET	/wstore/checkOutServlet	none	302	exact-servlet-dispatch	none
/wstore::Click::/click/*	/wstore	GET	/wstore/click/	none	302	exact-servlet-dispatch	path-prefix-mapping-probed-at-prefix-root
/wstore::Counter::/counter/*	/wstore	GET	/wstore/counter/	none	200	exact-servlet-dispatch	path-prefix-mapping-probed-at-prefix-root
/wstore::EMailServlet::/emailServlet/*	/wstore	GET	/wstore/emailServlet/	none	302	exact-servlet-dispatch	path-prefix-mapping-probed-at-prefix-root
/wstore::ExpenseServlet::/expenseServlet	/wstore	GET	/wstore/expenseServlet	none	302	exact-servlet-dispatch	none
/wstore::Index::/index.jsp/*	/wstore	GET	/wstore/index.jsp/	none	200	exact-servlet-dispatch	path-prefix-mapping-probed-at-prefix-root
/wstore::Info::/info.jsp	/wstore	GET	/wstore/info.jsp	none	302	exact-servlet-dispatch	none
/wstore::InfoServlet::/infoServlet	/wstore	GET	/wstore/infoServlet	none	302	exact-servlet-dispatch	none
/wstore::InvoiceServlet::/invoiceServlet/*	/wstore	GET	/wstore/invoiceServlet/	none	200	exact-servlet-dispatch	path-prefix-mapping-probed-at-prefix-root
/wstore::IssueReportServlet::/issueReportServlet/*	/wstore	GET	/wstore/issueReportServlet/	none	200	exact-servlet-dispatch	path-prefix-mapping-probed-at-prefix-root
/wstore::LocationServlet::/locationServlet	/wstore	GET	/wstore/locationServlet	none	200	exact-servlet-dispatch	none
/wstore::Login::/login.jsp/*	/wstore	GET	/wstore/login.jsp/	none	200	exact-servlet-dispatch	path-prefix-mapping-probed-at-prefix-root
/wstore::LoginServlet::/loginServlet	/wstore	GET	/wstore/loginServlet	none	302	exact-servlet-dispatch	none
/wstore::NoteServlet::/noteServlet/*	/wstore	GET	/wstore/noteServlet/	none	200	exact-servlet-dispatch	path-prefix-mapping-probed-at-prefix-root
/wstore::OrderServlet::/orderServlet	/wstore	GET	/wstore/orderServlet	none	302	exact-servlet-dispatch	none
/wstore::PaymentServlet::/paymentServlet	/wstore	GET	/wstore/paymentServlet	none	500	exact-servlet-dispatch	none
/wstore::ProductServlet::/productServlet/*	/wstore	GET	/wstore/productServlet/	none	200	exact-servlet-dispatch	path-prefix-mapping-probed-at-prefix-root
/wstore::RegistrationServlet::/registrationServlet	/wstore	GET	/wstore/registrationServlet	none	302	exact-servlet-dispatch	none
/wstore::Request::/request.jsp/*	/wstore	GET	/wstore/request.jsp/	none	302	exact-servlet-dispatch	path-prefix-mapping-probed-at-prefix-root
/wstore::RequestServlet::/requestServlet/*	/wstore	GET	/wstore/requestServlet/	none	200	exact-servlet-dispatch	path-prefix-mapping-probed-at-prefix-root
/wstore::RfQServlet::/rfqServlet/*	/wstore	GET	/wstore/rfqServlet/	none	200	exact-servlet-dispatch	path-prefix-mapping-probed-at-prefix-root
/wstore::SearchServlet::/searchServlet	/wstore	GET	/wstore/searchServlet	none	200	exact-servlet-dispatch	none
/wstore::UpdateServlet::/updateServlet	/wstore	GET	/wstore/updateServlet	none	200	exact-servlet-dispatch	none
/wstore::WebStoreFilter::/*	/wstore	GET	/wstore/	none	200	context-reachability-only	filter-covered-via-context-routes
/wstore::WorkflowServlet::/workflowServlet/*	/wstore	GET	/wstore/workflowServlet/	none	200	exact-servlet-dispatch	path-prefix-mapping-probed-at-prefix-root
